Workbook

Sheet ETFs
A1: Sector | B1: Ticker | C1: ETF Name
A2: Technology | B2: XLK | C2: Technology Select Sector SPDR Fund
A3: Technology | B3: VGT | C3: Vanguard Information Technology ETF
A4: Technology | B4: IYW | C4: iShares U.S. Technology ETF
A5: Technology | B5: SOXX | C5: iShares Semiconductor ETF
A6: Technology | B6: HACK | C6: ETFMG Prime Cyber Security ETF
A7: Technology | B7: BOTZ | C7: Global X Robotics & Artificial Intelligence ETF
A8: Technology | B8: QQQJ | C8: Invesco NASDAQ Next Gen 100 ETF
A9: Healthcare | B9: XLV | C9: Health Care Select Sector SPDR Fund
A10: Healthcare | B10: VHT | C10: Vanguard Health Care ETF
A11: Healthcare | B11: IBB | C11: iShares Nasdaq Biotechnology ETF
A12: Healthcare | B12: XBI | C12: SPDR S&P Biotech ETF
... A33: Crypto | B33: BKCH | C33: Global X Blockchain ETF

Sheet ETF price
B1: XLK | C1: VGT | D1: IYW | E1: SOXX | F1: HACK | G1: BOTZ | H1: QQQJ | I1: XLV | J1: VHT | K1: IBB | L1: XBI | M1: PBE | N1: FHLC | O1: GNOM | P1: XLE | Q1: VDE | R1: XLB | S1: XME | T1: DBC | U1: USO | V1: TAN | W1: XLF | X1: VFH | Y1: KBE | Z1: IYF | AA1: XLRE | AB1: KRE | AC1: IYG | AD1: BTF | AE1: BITO | AF1: CRYP | AG1: BKCH
A2: =IFERROR(__xludf.DUMMYFUNCTION("INDEX(GOOGLEFINANCE(B1,""close"",DATE(2022,1,1),DATE(2024,12,31),""DAILY""),,1)"),"Date") -> Date | B2: =IFERROR(__xludf.DUMMYFUNCTION("INDEX(GOOGLEFINANCE(B1,""close"",DATE(2022,1,1),DATE(2024,12,31),""DAILY""),,2)"),"Close") -> Close | C2: =IFERROR(__xludf.DUMMYFUNCTION("INDEX(GOOGLEFINANCE(C1,""close"",DATE(2022,1,1),DATE(2024,12,31),""DAILY""),,2)"),"Close") -> Close | D2: =IFERROR(__xludf.DUMMYFUNCTION("INDEX(GOOGLEFINANCE(D1,""close"",DATE(2022,1,1),DATE(2024,12,31),""DAILY""),,2)"),"Close") -> Close | E2: =IFERROR(__xludf.DUMMYFUNCTION("INDEX(GOOGLEFINANCE(E1,""close"",DATE(2022,1,1),DATE(2024,12,31),""DAILY""),,2)"),"Close") -> Close | F2: =IFERROR(__xludf.DUMMYFUNCTION("INDEX(GOOGLEFINANCE(F1,""close"",DATE(2022,1,1),DATE(2024,12,31),""DAILY""),,2)"),"Close") -> Close | G2: =IFERROR(__xludf.DUMMYFUNCTION("INDEX(GOOGLEFINANCE(G1,""close"",DATE(2022,1,1),DATE(2024,12,31),""DAILY""),,2)"),"Close") -> Close | H2: =IFERROR(__xludf.DUMMYFUNCTION("INDEX(GOOGLEFINANCE(H1,""close"",DATE(2022,1,1),DATE(2024,12,31),""DAILY""),,2)"),"Close") -> Close | I2: =IFERROR(__xludf.DUMMYFUNCTION("INDEX(GOOGLEFINANCE(I1,""close"",DATE(2022,1,1),DATE(2024,12,31),""DAILY""),,2)"),"Close") -> Close | J2: =IFERROR(__xludf.DUMMYFUNCTION("INDEX(GOOGLEFINANCE(J1,""close"",DATE(2022,1,1),DATE(2024,12,31),""DAILY""),,2)"),"Close") -> Close | K2: =IFERROR(__xludf.DUMMYFUNCTION("INDEX(GOOGLEFINANCE(K1,""close"",DATE(2022,1,1),DATE(2024,12,31),""DAILY""),,2)"),"Close") -> Close | L2: =IFERROR(__xludf.DUMMYFUNCTION("INDEX(GOOGLEFINANCE(L1,""close"",DATE(2022,1,1),DATE(2024,12,31),""DAILY""),,2)"),"Close") -> Close | M2: =IFERROR(__xludf.DUMMYFUNCTION("INDEX(GOOGLEFINANCE(M1,""close"",DATE(2022,1,1),DATE(2024,12,31),""DAILY""),,2)"),"Close") -> Close | N2: =IFERROR(__xludf.DUMMYFUNCTION("INDEX(GOOGLEFINANCE(N1,""close"",DATE(2022,1,1),DATE(2024,12,31),""DAILY""),,2)"),"Close") -> Close | O2: =IFERROR(__xludf.DUMMYFUNCTION("INDEX(GOOGLEFINANCE(O1,""close"",DATE(2022,1,1),DATE(2024,12,31),""DAILY""),,2)"),"Close") -> Close | P2: =IFERROR(__xludf.DUMMYFUNCTION("INDEX(GOOGLEFINANCE(P1,""close"",DATE(2022,1,1),DATE(2024,12,31),""DAILY""),,2)"),"Close") -> Close | Q2: =IFERROR(__xludf.DUMMYFUNCTION("INDEX(GOOGLEFINANCE(Q1,""close"",DATE(2022,1,1),DATE(2024,12,31),""DAILY""),,2)"),"Close") -> Close | R2: =IFERROR(__xludf.DUMMYFUNCTION("INDEX(GOOGLEFINANCE(R1,""close"",DATE(2022,1,1),DATE(2024,12,31),""DAILY""),,2)"),"Close") -> Close | S2: =IFERROR(__xludf.DUMMYFUNCTION("INDEX(GOOGLEFINANCE(S1,""close"",DATE(2022,1,1),DATE(2024,12,31),""DAILY""),,2)"),"Close") -> Close | T2: =IFERROR(__xludf.DUMMYFUNCTION("INDEX(GOOGLEFINANCE(T1,""close"",DATE(2022,1,1),DATE(2024,12,31),""DAILY""),,2)"),"Close") -> Close | U2: =IFERROR(__xludf.DUMMYFUNCTION("INDEX(GOOGLEFINANCE(U1,""close"",DATE(2022,1,1),DATE(2024,12,31),""DAILY""),,2)"),"Close") -> Close | V2: =IFERROR(__xludf.DUMMYFUNCTION("INDEX(GOOGLEFINANCE(V1,""close"",DATE(2022,1,1),DATE(2024,12,31),""DAILY""),,2)"),"Close") -> Close | W2: =IFERROR(__xludf.DUMMYFUNCTION("INDEX(GOOGLEFINANCE(W1,""close"",DATE(2022,1,1),DATE(2024,12,31),""DAILY""),,2)"),"Close") -> Close | X2: =IFERROR(__xludf.DUMMYFUNCTION("INDEX(GOOGLEFINANCE(X1,""close"",DATE(2022,1,1),DATE(2024,12,31),""DAILY""),,2)"),"Close") -> Close | Y2: =IFERROR(__xludf.DUMMYFUNCTION("INDEX(GOOGLEFINANCE(Y1,""close"",DATE(2022,1,1),DATE(2024,12,31),""DAILY""),,2)"),"Close") -> Close | Z2: =IFERROR(__xludf.DUMMYFUNCTION("INDEX(GOOGLEFINANCE(Z1,""close"",DATE(2022,1,1),DATE(2024,12,31),""DAILY""),,2)"),"Close") -> Close | AA2: =IFERROR(__xludf.DUMMYFUNCTION("INDEX(GOOGLEFINANCE(AA1,""close"",DATE(2022,1,1),DATE(2024,12,31),""DAILY""),,2)"),"Close") -> Close | AB2: =IFERROR(__xludf.DUMMYFUNCTION("INDEX(GOOGLEFINANCE(AB1,""close"",DATE(2022,1,1),DATE(2024,12,31),""DAILY""),,2)"),"Close") -> Close | AC2: =IFERROR(__xludf.DUMMYFUNCTION("INDEX(GOOGLEFINANCE(AC1,""close"",DATE(2022,1,1),DATE(2024,12,31),""DAILY""),,2)"),"Close") -> Close | AD2: =IFERROR(__xludf.DUMMYFUNCTION("INDEX(GOOGLEFINANCE(AD1,""close"",DATE(2022,1,1),DATE(2024,12,31),""DAILY""),,2)"),"Close") -> Close | AE2: =IFERROR(__xludf.DUMMYFUNCTION("INDEX(GOOGLEFINANCE(AE1,""close"",DATE(2022,1,1),DATE(2024,12,31),""DAILY""),,2)"),"Close") -> Close | AF2: =IFERROR(__xludf.DUMMYFUNCTION("INDEX(GOOGLEFINANCE(AF1,""close"",DATE(2022,1,1),DATE(2024,12,31),""DAILY""),,2)"),"Close") -> Close | AG2: =IFERROR(__xludf.DUMMYFUNCTION("INDEX(GOOGLEFINANCE(AG1,""close"",DATE(2022,1,1),DATE(2024,12,31),""DAILY""),,2)"),"Close") -> Close
A3: =IFERROR(__xludf.DUMMYFUNCTION("""COMPUTED_VALUE"""),44564.6666666666) -> 44564.667 | B3: =IFERROR(__xludf.DUMMYFUNCTION("""COMPUTED_VALUE"""),175.52) -> 175.52 | C3: =IFERROR(__xludf.DUMMYFUNCTION("""COMPUTED_VALUE"""),462) -> 462 | D3: =IFERROR(__xludf.DUMMYFUNCTION("""COMPUTED_VALUE"""),115.41) -> 115.41 | E3: =IFERROR(__xludf.DUMMYFUNCTION("""COMPUTED_VALUE"""),184.37) -> 184.37 | F3: =IFERROR(__xludf.DUMMYFUNCTION("""COMPUTED_VALUE"""),61.26) -> 61.26 | G3: =IFERROR(__xludf.DUMMYFUNCTION("""COMPUTED_VALUE"""),36.09) -> 36.09 | H3: =IFERROR(__xludf.DUMMYFUNCTION("""COMPUTED_VALUE"""),33.45) -> 33.45 | I3: =IFERROR(__xludf.DUMMYFUNCTION("""COMPUTED_VALUE"""),139.44) -> 139.44 | J3: =IFERROR(__xludf.DUMMYFUNCTION("""COMPUTED_VALUE"""),264.71) -> 264.71 | K3: =IFERROR(__xludf.DUMMYFUNCTION("""COMPUTED_VALUE"""),152.37) -> 152.37 | L3: =IFERROR(__xludf.DUMMYFUNCTION("""COMPUTED_VALUE"""),115.44) -> 115.44 | M3: =IFERROR(__xludf.DUMMYFUNCTION("""COMPUTED_VALUE"""),71.43) -> 71.43 | N3: =IFERROR(__xludf.DUMMYFUNCTION("""COMPUTED_VALUE"""),68.16) -> 68.16 | O3: =IFERROR(__xludf.DUMMYFUNCTION("""COMPUTED_VALUE"""),79.92) -> 79.92 | P3: =IFERROR(__xludf.DUMMYFUNCTION("""COMPUTED_VALUE"""),57.22) -> 57.22 | Q3: =IFERROR(__xludf.DUMMYFUNCTION("""COMPUTED_VALUE"""),80.1) -> 80.1 | R3: =IFERROR(__xludf.DUMMYFUNCTION("""COMPUTED_VALUE"""),89.43) -> 89.43 | S3: =IFERROR(__xludf.DUMMYFUNCTION("""COMPUTED_VALUE"""),45.54) -> 45.54 | T3: =IFERROR(__xludf.DUMMYFUNCTION("""COMPUTED_VALUE"""),20.86) -> 20.86 | U3: =IFERROR(__xludf.DUMMYFUNCTION("""COMPUTED_VALUE"""),54.83) -> 54.83 | V3: =IFERROR(__xludf.DUMMYFUNCTION("""COMPUTED_VALUE"""),78.49) -> 78.49 | W3: =IFERROR(__xludf.DUMMYFUNCTION("""COMPUTED_VALUE"""),39.53) -> 39.53 | X3: =IFERROR(__xludf.DUMMYFUNCTION("""COMPUTED_VALUE"""),97.67) -> 97.67 | Y3: =IFERROR(__xludf.DUMMYFUNCTION("""COMPUTED_VALUE"""),55.64) -> 55.64 | Z3: =IFERROR(__xludf.DUMMYFUNCTION("""COMPUTED_VALUE"""),87.57) -> 87.57 | AA3: =IFERROR(__xludf.DUMMYFUNCTION("""COMPUTED_VALUE"""),51.33) -> 51.33 | AB3: =IFERROR(__xludf.DUMMYFUNCTION("""COMPUTED_VALUE"""),72.17) -> 72.17 | AC3: =IFERROR(__xludf.DUMMYFUNCTION("""COMPUTED_VALUE"""),65.45) -> 65.45 | AD3: =IFERROR(__xludf.DUMMYFUNCTION("""COMPUTED_VALUE"""),17.9) -> 17.9 | AE3: =IFERROR(__xludf.DUMMYFUNCTION("""COMPUTED_VALUE"""),28.95) -> 28.95 | AF3: =IFERROR(__xludf.DUMMYFUNCTION("""COMPUTED_VALUE"""),7.81) -> 7.81 | AG3: =IFERROR(__xludf.DUMMYFUNCTION("""COMPUTED_VALUE"""),88.52) -> 88.52
A4: =IFERROR(__xludf.DUMMYFUNCTION("""COMPUTED_VALUE"""),44565.6666666666) -> 44565.667 | B4: =IFERROR(__xludf.DUMMYFUNCTION("""COMPUTED_VALUE"""),173.66) -> 173.66 | C4: =IFERROR(__xludf.DUMMYFUNCTION("""COMPUTED_VALUE"""),456.16) -> 456.16 | D4: =IFERROR(__xludf.DUMMYFUNCTION("""COMPUTED_VALUE"""),113.91) -> 113.91 | E4: =IFERROR(__xludf.DUMMYFUNCTION("""COMPUTED_VALUE"""),183.8) -> 183.8 | F4: =IFERROR(__xludf.DUMMYFUNCTION("""COMPUTED_VALUE"""),60.03) -> 60.03 | G4: =IFERROR(__xludf.DUMMYFUNCTION("""COMPUTED_VALUE"""),35.87) -> 35.87 | H4: =IFERROR(__xludf.DUMMYFUNCTION("""COMPUTED_VALUE"""),33.04) -> 33.04 | I4: =IFERROR(__xludf.DUMMYFUNCTION("""COMPUTED_VALUE"""),137.6) -> 137.6 | J4: =IFERROR(__xludf.DUMMYFUNCTION("""COMPUTED_VALUE"""),260.46) -> 260.46 | K4: =IFERROR(__xludf.DUMMYFUNCTION("""COMPUTED_VALUE"""),148.29) -> 148.29 | L4: =IFERROR(__xludf.DUMMYFUNCTION("""COMPUTED_VALUE"""),111.36) -> 111.36 | M4: =IFERROR(__xludf.DUMMYFUNCTION("""COMPUTED_VALUE"""),68.74) -> 68.74 | N4: =IFERROR(__xludf.DUMMYFUNCTION("""COMPUTED_VALUE"""),67.15) -> 67.15 | O4: =IFERROR(__xludf.DUMMYFUNCTION("""COMPUTED_VALUE"""),76.52) -> 76.52 | P4: =IFERROR(__xludf.DUMMYFUNCTION("""COMPUTED_VALUE"""),59.2) -> 59.2 | Q4: =IFERROR(__xludf.DUMMYFUNCTION("""COMPUTED_VALUE"""),82.9) -> 82.9 | R4: =IFERROR(__xludf.DUMMYFUNCTION("""COMPUTED_VALUE"""),90.53) -> 90.53 | S4: =IFERROR(__xludf.DUMMYFUNCTION("""COMPUTED_VALUE"""),46.19) -> 46.19 | T4: =IFERROR(__xludf.DUMMYFUNCTION("""COMPUTED_VALUE"""),21.11) -> 21.11 | U4: =IFERROR(__xludf.DUMMYFUNCTION("""COMPUTED_VALUE"""),55.59) -> 55.59 | V4: =IFERROR(__xludf.DUMMYFUNCTION("""COMPUTED_VALUE"""),76.32) -> 76.32 | W4: =IFERROR(__xludf.DUMMYFUNCTION("""COMPUTED_VALUE"""),40.57) -> 40.57 | X4: =IFERROR(__xludf.DUMMYFUNCTION("""COMPUTED_VALUE"""),99.9) -> 99.9 | Y4: =IFERROR(__xludf.DUMMYFUNCTION("""COMPUTED_VALUE"""),57.14) -> 57.14 | Z4: =IFERROR(__xludf.DUMMYFUNCTION("""COMPUTED_VALUE"""),89.6) -> 89.6 | AA4: =IFERROR(__xludf.DUMMYFUNCTION("""COMPUTED_VALUE"""),51.13) -> 51.13 | AB4: =IFERROR(__xludf.DUMMYFUNCTION("""COMPUTED_VALUE"""),74.21) -> 74.21 | AC4: =IFERROR(__xludf.DUMMYFUNCTION("""COMPUTED_VALUE"""),66.85) -> 66.85 | AD4: =IFERROR(__xludf.DUMMYFUNCTION("""COMPUTED_VALUE"""),18.06) -> 18.06 | AE4: =IFERROR(__xludf.DUMMYFUNCTION("""COMPUTED_VALUE"""),29.22) -> 29.22 | AF4: =IFERROR(__xludf.DUMMYFUNCTION("""COMPUTED_VALUE"""),7.66) -> 7.66 | AG4: =IFERROR(__xludf.DUMMYFUNCTION("""COMPUTED_VALUE"""),88.36) -> 88.36
A5: =IFERROR(__xludf.DUMMYFUNCTION("""COMPUTED_VALUE"""),44566.6666666666) -> 44566.667 | B5: =IFERROR(__xludf.DUMMYFUNCTION("""COMPUTED_VALUE"""),168.32) -> 168.32 | C5: =IFERROR(__xludf.DUMMYFUNCTION("""COMPUTED_VALUE"""),441.02) -> 441.02 | D5: =IFERROR(__xludf.DUMMYFUNCTION("""COMPUTED_VALUE"""),109.66) -> 109.66 | E5: =IFERROR(__xludf.DUMMYFUNCTION("""COMPUTED_VALUE"""),177.56) -> 177.56 | F5: =IFERROR(__xludf.DUMMYFUNCTION("""COMPUTED_VALUE"""),58.16) -> 58.16 | G5: =IFERROR(__xludf.DUMMYFUNCTION("""COMPUTED_VALUE"""),34.8) -> 34.8 | H5: =IFERROR(__xludf.DUMMYFUNCTION("""COMPUTED_VALUE"""),31.79) -> 31.79 | I5: =IFERROR(__xludf.DUMMYFUNCTION("""COMPUTED_VALUE"""),136.62) -> 136.62 | J5: =IFERROR(__xludf.DUMMYFUNCTION("""COMPUTED_VALUE"""),257.28) -> 257.28 | K5: =IFERROR(__xludf.DUMMYFUNCTION("""COMPUTED_VALUE"""),142.5) -> 142.5 | L5: =IFERROR(__xludf.DUMMYFUNCTION("""COMPUTED_VALUE"""),105.23) -> 105.23 | M5: =IFERROR(__xludf.DUMMYFUNCTION("""COMPUTED_VALUE"""),65.84) -> 65.84 | N5: =IFERROR(__xludf.DUMMYFUNCTION("""COMPUTED_VALUE"""),66.29) -> 66.29 | O5: =IFERROR(__xludf.DUMMYFUNCTION("""COMPUTED_VALUE"""),72.48) -> 72.48 | P5: =IFERROR(__xludf.DUMMYFUNCTION("""COMPUTED_VALUE"""),59.19) -> 59.19 | Q5: =IFERROR(__xludf.DUMMYFUNCTION("""COMPUTED_VALUE"""),82.53) -> 82.53 | R5: =IFERROR(__xludf.DUMMYFUNCTION("""COMPUTED_VALUE"""),90.52) -> 90.52 | S5: =IFERROR(__xludf.DUMMYFUNCTION("""COMPUTED_VALUE"""),46.25) -> 46.25 | T5: =IFERROR(__xludf.DUMMYFUNCTION("""COMPUTED_VALUE"""),21.02) -> 21.02 | U5: =IFERROR(__xludf.DUMMYFUNCTION("""COMPUTED_VALUE"""),55.43) -> 55.43 | V5: =IFERROR(__xludf.DUMMYFUNCTION("""COMPUTED_VALUE"""),71.21) -> 71.21 | W5: =IFERROR(__xludf.DUMMYFUNCTION("""COMPUTED_VALUE"""),40.1) -> 40.1 | X5: =IFERROR(__xludf.DUMMYFUNCTION("""COMPUTED_VALUE"""),98.48) -> 98.48 | Y5: =IFERROR(__xludf.DUMMYFUNCTION("""COMPUTED_VALUE"""),56.71) -> 56.71 | Z5: =IFERROR(__xludf.DUMMYFUNCTION("""COMPUTED_VALUE"""),88.38) -> 88.38 | AA5: =IFERROR(__xludf.DUMMYFUNCTION("""COMPUTED_VALUE"""),49.47) -> 49.47 | AB5: =IFERROR(__xludf.DUMMYFUNCTION("""COMPUTED_VALUE"""),73.73) -> 73.73 | AC5: =IFERROR(__xludf.DUMMYFUNCTION("""COMPUTED_VALUE"""),65.91) -> 65.91 | AD5: =IFERROR(__xludf.DUMMYFUNCTION("""COMPUTED_VALUE"""),17.07) -> 17.07 | AE5: =IFERROR(__xludf.DUMMYFUNCTION("""COMPUTED_VALUE"""),27.64) -> 27.64 | AF5: =IFERROR(__xludf.DUMMYFUNCTION("""COMPUTED_VALUE"""),7.01) -> 7.01 | AG5: =IFERROR(__xludf.DUMMYFUNCTION("""COMPUTED_VALUE"""),81.22) -> 81.22
A6: =IFERROR(__xludf.DUMMYFUNCTION("""COMPUTED_VALUE"""),44567.6666666666) -> 44567.667 | B6: =IFERROR(__xludf.DUMMYFUNCTION("""COMPUTED_VALUE"""),167.47) -> 167.47 | C6: =IFERROR(__xludf.DUMMYFUNCTION("""COMPUTED_VALUE"""),439.35) -> 439.35 | D6: =IFERROR(__xludf.DUMMYFUNCTION("""COMPUTED_VALUE"""),109.53) -> 109.53 | E6: =IFERROR(__xludf.DUMMYFUNCTION("""COMPUTED_VALUE"""),178.94) -> 178.94 | F6: =IFERROR(__xludf.DUMMYFUNCTION("""COMPUTED_VALUE"""),58.18) -> 58.18 | G6: =IFERROR(__xludf.DUMMYFUNCTION("""COMPUTED_VALUE"""),34.47) -> 34.47 | H6: =IFERROR(__xludf.DUMMYFUNCTION("""COMPUTED_VALUE"""),31.8) -> 31.8 | I6: =IFERROR(__xludf.DUMMYFUNCTION("""COMPUTED_VALUE"""),135.04) -> 135.04 | J6: =IFERROR(__xludf.DUMMYFUNCTION("""COMPUTED_VALUE"""),254.04) -> 254.04 | K6: =IFERROR(__xludf.DUMMYFUNCTION("""COMPUTED_VALUE"""),142.42) -> 142.42 | L6: =IFERROR(__xludf.DUMMYFUNCTION("""COMPUTED_VALUE"""),105.2) -> 105.2 | M6: =IFERROR(__xludf.DUMMYFUNCTION("""COMPUTED_VALUE"""),66.08) -> 66.08 | N6: =IFERROR(__xludf.DUMMYFUNCTION("""COMPUTED_VALUE"""),65.56) -> 65.56 | O6: =IFERROR(__xludf.DUMMYFUNCTION("""COMPUTED_VALUE"""),72.44) -> 72.44 | P6: =IFERROR(__xludf.DUMMYFUNCTION("""COMPUTED_VALUE"""),60.51) -> 60.51 | Q6: =IFERROR(__xludf.DUMMYFUNCTION("""COMPUTED_VALUE"""),84.48) -> 84.48 | R6: =IFERROR(__xludf.DUMMYFUNCTION("""COMPUTED_VALUE"""),89.38) -> 89.38 | S6: =IFERROR(__xludf.DUMMYFUNCTION("""COMPUTED_VALUE"""),45.57) -> 45.57 | T6: =IFERROR(__xludf.DUMMYFUNCTION("""COMPUTED_VALUE"""),21.2) -> 21.2 | U6: =IFERROR(__xludf.DUMMYFUNCTION("""COMPUTED_VALUE"""),56.89) -> 56.89 | V6: =IFERROR(__xludf.DUMMYFUNCTION("""COMPUTED_VALUE"""),70.63) -> 70.63 | W6: =IFERROR(__xludf.DUMMYFUNCTION("""COMPUTED_VALUE"""),40.69) -> 40.69 | X6: =IFERROR(__xludf.DUMMYFUNCTION("""COMPUTED_VALUE"""),100.1) -> 100.1 | Y6: =IFERROR(__xludf.DUMMYFUNCTION("""COMPUTED_VALUE"""),58.64) -> 58.64 | Z6: =IFERROR(__xludf.DUMMYFUNCTION("""COMPUTED_VALUE"""),89.79) -> 89.79 | AA6: =IFERROR(__xludf.DUMMYFUNCTION("""COMPUTED_VALUE"""),49.53) -> 49.53 | AB6: =IFERROR(__xludf.DUMMYFUNCTION("""COMPUTED_VALUE"""),76.52) -> 76.52 | AC6: =IFERROR(__xludf.DUMMYFUNCTION("""COMPUTED_VALUE"""),66.76) -> 66.76 | AD6: =IFERROR(__xludf.DUMMYFUNCTION("""COMPUTED_VALUE"""),16.86) -> 16.86 | AE6: =IFERROR(__xludf.DUMMYFUNCTION("""COMPUTED_VALUE"""),27.28) -> 27.28 | AF6: =IFERROR(__xludf.DUMMYFUNCTION("""COMPUTED_VALUE"""),6.91) -> 6.91 | AG6: =IFERROR(__xludf.DUMMYFUNCTION("""COMPUTED_VALUE"""),79.72) -> 79.72
A7: =IFERROR(__xludf.DUMMYFUNCTION("""COMPUTED_VALUE"""),44568.6666666666) -> 44568.667 | B7: =IFERROR(__xludf.DUMMYFUNCTION("""COMPUTED_VALUE"""),165.93) -> 165.93 | C7: =IFERROR(__xludf.DUMMYFUNCTION("""COMPUTED_VALUE"""),434.86) -> 434.86 | D7: =IFERROR(__xludf.DUMMYFUNCTION("""COMPUTED_VALUE"""),108.42) -> 108.42 | E7: =IFERROR(__xludf.DUMMYFUNCTION("""COMPUTED_VALUE"""),173.75) -> 173.75 | F7: =IFERROR(__xludf.DUMMYFUNCTION("""COMPUTED_VALUE"""),57.94) -> 57.94 | G7: =IFERROR(__xludf.DUMMYFUNCTION("""COMPUTED_VALUE"""),33.9) -> 33.9 | H7: =IFERROR(__xludf.DUMMYFUNCTION("""COMPUTED_VALUE"""),31.52) -> 31.52 | I7: =IFERROR(__xludf.DUMMYFUNCTION("""COMPUTED_VALUE"""),134.35) -> 134.35 | J7: =IFERROR(__xludf.DUMMYFUNCTION("""COMPUTED_VALUE"""),252.48) -> 252.48 | K7: =IFERROR(__xludf.DUMMYFUNCTION("""COMPUTED_VALUE"""),140.55) -> 140.55 | L7: =IFERROR(__xludf.DUMMYFUNCTION("""COMPUTED_VALUE"""),102.99) -> 102.99 | M7: =IFERROR(__xludf.DUMMYFUNCTION("""COMPUTED_VALUE"""),65.28) -> 65.28 | N7: =IFERROR(__xludf.DUMMYFUNCTION("""COMPUTED_VALUE"""),65.06) -> 65.06 | O7: =IFERROR(__xludf.DUMMYFUNCTION("""COMPUTED_VALUE"""),71.24) -> 71.24 | P7: =IFERROR(__xludf.DUMMYFUNCTION("""COMPUTED_VALUE"""),61.34) -> 61.34 | Q7: =IFERROR(__xludf.DUMMYFUNCTION("""COMPUTED_VALUE"""),85.52) -> 85.52 | R7: =IFERROR(__xludf.DUMMYFUNCTION("""COMPUTED_VALUE"""),89.3) -> 89.3 | S7: =IFERROR(__xludf.DUMMYFUNCTION("""COMPUTED_VALUE"""),46.07) -> 46.07 | T7: =IFERROR(__xludf.DUMMYFUNCTION("""COMPUTED_VALUE"""),21.24) -> 21.24 | U7: =IFERROR(__xludf.DUMMYFUNCTION("""COMPUTED_VALUE"""),56.67) -> 56.67 | V7: =IFERROR(__xludf.DUMMYFUNCTION("""COMPUTED_VALUE"""),70.75) -> 70.75 | W7: =IFERROR(__xludf.DUMMYFUNCTION("""COMPUTED_VALUE"""),41.17) -> 41.17 | X7: =IFERROR(__xludf.DUMMYFUNCTION("""COMPUTED_VALUE"""),101.06) -> 101.06 | Y7: =IFERROR(__xludf.DUMMYFUNCTION("""COMPUTED_VALUE"""),59.28) -> 59.28 | Z7: =IFERROR(__xludf.DUMMYFUNCTION("""COMPUTED_VALUE"""),90.64) -> 90.64 | AA7: =IFERROR(__xludf.DUMMYFUNCTION("""COMPUTED_VALUE"""),49.27) -> 49.27 | AB7: =IFERROR(__xludf.DUMMYFUNCTION("""COMPUTED_VALUE"""),77.27) -> 77.27 | AC7: =IFERROR(__xludf.DUMMYFUNCTION("""COMPUTED_VALUE"""),67.16) -> 67.16 | AD7: =IFERROR(__xludf.DUMMYFUNCTION("""COMPUTED_VALUE"""),16.32) -> 16.32 | AE7: =IFERROR(__xludf.DUMMYFUNCTION("""COMPUTED_VALUE"""),26.41) -> 26.41 | AF7: =IFERROR(__xludf.DUMMYFUNCTION("""COMPUTED_VALUE"""),6.96) -> 6.96 | AG7: =IFERROR(__xludf.DUMMYFUNCTION("""COMPUTED_VALUE"""),78.76) -> 78.76
A8: =IFERROR(__xludf.DUMMYFUNCTION("""COMPUTED_VALUE"""),44571.6666666666) -> 44571.667 | B8: =IFERROR(__xludf.DUMMYFUNCTION("""COMPUTED_VALUE"""),165.96) -> 165.96 | C8: =IFERROR(__xludf.DUMMYFUNCTION("""COMPUTED_VALUE"""),435.32) -> 435.32 | D8: =IFERROR(__xludf.DUMMYFUNCTION("""COMPUTED_VALUE"""),108.83) -> 108.83 | E8: =IFERROR(__xludf.DUMMYFUNCTION("""COMPUTED_VALUE"""),173.81) -> 173.81 | F8: =IFERROR(__xludf.DUMMYFUNCTION("""COMPUTED_VALUE"""),58.39) -> 58.39 | G8: =IFERROR(__xludf.DUMMYFUNCTION("""COMPUTED_VALUE"""),33.43) -> 33.43 | H8: =IFERROR(__xludf.DUMMYFUNCTION("""COMPUTED_VALUE"""),31.58) -> 31.58 | I8: =IFERROR(__xludf.DUMMYFUNCTION("""COMPUTED_VALUE"""),135.73) -> 135.73 | J8: =IFERROR(__xludf.DUMMYFUNCTION("""COMPUTED_VALUE"""),255.19) -> 255.19 | K8: =IFERROR(__xludf.DUMMYFUNCTION("""COMPUTED_VALUE"""),142.16) -> 142.16 | L8: =IFERROR(__xludf.DUMMYFUNCTION("""COMPUTED_VALUE"""),103.14) -> 103.14 | M8: =IFERROR(__xludf.DUMMYFUNCTION("""COMPUTED_VALUE"""),66) -> 66 | N8: =IFERROR(__xludf.DUMMYFUNCTION("""COMPUTED_VALUE"""),65.69) -> 65.69 | O8: =IFERROR(__xludf.DUMMYFUNCTION("""COMPUTED_VALUE"""),71.48) -> 71.48 | P8: =IFERROR(__xludf.DUMMYFUNCTION("""COMPUTED_VALUE"""),61.15) -> 61.15 | Q8: =IFERROR(__xludf.DUMMYFUNCTION("""COMPUTED_VALUE"""),85.24) -> 85.24 | R8: =IFERROR(__xludf.DUMMYFUNCTION("""COMPUTED_VALUE"""),88.39) -> 88.39 | S8: =IFERROR(__xludf.DUMMYFUNCTION("""COMPUTED_VALUE"""),45.69) -> 45.69 | T8: =IFERROR(__xludf.DUMMYFUNCTION("""COMPUTED_VALUE"""),21.15) -> 21.15 | U8: =IFERROR(__xludf.DUMMYFUNCTION("""COMPUTED_VALUE"""),56.16) -> 56.16 | V8: =IFERROR(__xludf.DUMMYFUNCTION("""COMPUTED_VALUE"""),70.7) -> 70.7 | W8: =IFERROR(__xludf.DUMMYFUNCTION("""COMPUTED_VALUE"""),41.03) -> 41.03 | X8: =IFERROR(__xludf.DUMMYFUNCTION("""COMPUTED_VALUE"""),100.77) -> 100.77 | Y8: =IFERROR(__xludf.DUMMYFUNCTION("""COMPUTED_VALUE"""),59.28) -> 59.28 | Z8: =IFERROR(__xludf.DUMMYFUNCTION("""COMPUTED_VALUE"""),90.37) -> 90.37 | AA8: =IFERROR(__xludf.DUMMYFUNCTION("""COMPUTED_VALUE"""),48.98) -> 48.98 | AB8: =IFERROR(__xludf.DUMMYFUNCTION("""COMPUTED_VALUE"""),77.15) -> 77.15 | AC8: =IFERROR(__xludf.DUMMYFUNCTION("""COMPUTED_VALUE"""),66.78) -> 66.78 | AD8: =IFERROR(__xludf.DUMMYFUNCTION("""COMPUTED_VALUE"""),16.25) -> 16.25 | AE8: =IFERROR(__xludf.DUMMYFUNCTION("""COMPUTED_VALUE"""),26.31) -> 26.31 | AF8: =IFERROR(__xludf.DUMMYFUNCTION("""COMPUTED_VALUE"""),6.8) -> 6.8 | AG8: =IFERROR(__xludf.DUMMYFUNCTION("""COMPUTED_VALUE"""),77.36) -> 77.36
A9: =IFERROR(__xludf.DUMMYFUNCTION("""COMPUTED_VALUE"""),44572.6666666666) -> 44572.667 | B9: =IFERROR(__xludf.DUMMYFUNCTION("""COMPUTED_VALUE"""),167.95) -> 167.95 | C9: =IFERROR(__xludf.DUMMYFUNCTION("""COMPUTED_VALUE"""),441.07) -> 441.07 | D9: =IFERROR(__xludf.DUMMYFUNCTION("""COMPUTED_VALUE"""),110.26) -> 110.26 | E9: =IFERROR(__xludf.DUMMYFUNCTION("""COMPUTED_VALUE"""),177.08) -> 177.08 | F9: =IFERROR(__xludf.DUMMYFUNCTION("""COMPUTED_VALUE"""),59.11) -> 59.11 | G9: =IFERROR(__xludf.DUMMYFUNCTION("""COMPUTED_VALUE"""),33.63) -> 33.63 | H9: =IFERROR(__xludf.DUMMYFUNCTION("""COMPUTED_VALUE"""),31.95) -> 31.95 | I9: =IFERROR(__xludf.DUMMYFUNCTION("""COMPUTED_VALUE"""),136.81) -> 136.81 | J9: =IFERROR(__xludf.DUMMYFUNCTION("""COMPUTED_VALUE"""),257.29) -> 257.29 | K9: =IFERROR(__xludf.DUMMYFUNCTION("""COMPUTED_VALUE"""),143.52) -> 143.52 | L9: =IFERROR(__xludf.DUMMYFUNCTION("""COMPUTED_VALUE"""),103.89) -> 103.89 | M9: =IFERROR(__xludf.DUMMYFUNCTION("""COMPUTED_VALUE"""),66.16) -> 66.16 | N9: =IFERROR(__xludf.DUMMYFUNCTION("""COMPUTED_VALUE"""),66.22) -> 66.22 | O9: =IFERROR(__xludf.DUMMYFUNCTION("""COMPUTED_VALUE"""),72) -> 72 | P9: =IFERROR(__xludf.DUMMYFUNCTION("""COMPUTED_VALUE"""),63.23) -> 63.23 | Q9: =IFERROR(__xludf.DUMMYFUNCTION("""COMPUTED_VALUE"""),88.22) -> 88.22 | R9: =IFERROR(__xludf.DUMMYFUNCTION("""COMPUTED_VALUE"""),89.36) -> 89.36 | S9: =IFERROR(__xludf.DUMMYFUNCTION("""COMPUTED_VALUE"""),46.49) -> 46.49 | T9: =IFERROR(__xludf.DUMMYFUNCTION("""COMPUTED_VALUE"""),21.56) -> 21.56 | U9: =IFERROR(__xludf.DUMMYFUNCTION("""COMPUTED_VALUE"""),58.16) -> 58.16 | V9: =IFERROR(__xludf.DUMMYFUNCTION("""COMPUTED_VALUE"""),71.91) -> 71.91 | W9: =IFERROR(__xludf.DUMMYFUNCTION("""COMPUTED_VALUE"""),41.39) -> 41.39 | X9: =IFERROR(__xludf.DUMMYFUNCTION("""COMPUTED_VALUE"""),101.74) -> 101.74 | Y9: =IFERROR(__xludf.DUMMYFUNCTION("""COMPUTED_VALUE"""),59.63) -> 59.63 | Z9: =IFERROR(__xludf.DUMMYFUNCTION("""COMPUTED_VALUE"""),91.28) -> 91.28 | AA9: =IFERROR(__xludf.DUMMYFUNCTION("""COMPUTED_VALUE"""),48.9) -> 48.9 | AB9: =IFERROR(__xludf.DUMMYFUNCTION("""COMPUTED_VALUE"""),77.42) -> 77.42 | AC9: =IFERROR(__xludf.DUMMYFUNCTION("""COMPUTED_VALUE"""),67.56) -> 67.56 | AD9: =IFERROR(__xludf.DUMMYFUNCTION("""COMPUTED_VALUE"""),16.71) -> 16.71 | AE9: =IFERROR(__xludf.DUMMYFUNCTION("""COMPUTED_VALUE"""),27.01) -> 27.01 | AF9: =IFERROR(__xludf.DUMMYFUNCTION("""COMPUTED_VALUE"""),7.07) -> 7.07 | AG9: =IFERROR(__xludf.DUMMYFUNCTION("""COMPUTED_VALUE"""),82.56) -> 82.56
A10: =IFERROR(__xludf.DUMMYFUNCTION("""COMPUTED_VALUE"""),44573.6666666666) -> 44573.667 | B10: =IFERROR(__xludf.DUMMYFUNCTION("""COMPUTED_VALUE"""),168.74) -> 168.74 | C10: =IFERROR(__xludf.DUMMYFUNCTION("""COMPUTED_VALUE"""),442.51) -> 442.51 | D10: =IFERROR(__xludf.DUMMYFUNCTION("""COMPUTED_VALUE"""),110.79) -> 110.79 | E10: =IFERROR(__xludf.DUMMYFUNCTION("""COMPUTED_VALUE"""),178.38) -> 178.38 | F10: =IFERROR(__xludf.DUMMYFUNCTION("""COMPUTED_VALUE"""),58.71) -> 58.71 | G10: =IFERROR(__xludf.DUMMYFUNCTION("""COMPUTED_VALUE"""),33.98) -> 33.98 | H10: =IFERROR(__xludf.DUMMYFUNCTION("""COMPUTED_VALUE"""),31.85) -> 31.85 | I10: =IFERROR(__xludf.DUMMYFUNCTION("""COMPUTED_VALUE"""),136.42) -> 136.42 | J10: =IFERROR(__xludf.DUMMYFUNCTION("""COMPUTED_VALUE"""),255.83) -> 255.83 | K10: =IFERROR(__xludf.DUMMYFUNCTION("""COMPUTED_VALUE"""),141.93) -> 141.93 | L10: =IFERROR(__xludf.DUMMYFUNCTION("""COMPUTED_VALUE"""),100.6) -> 100.6 | M10: =IFERROR(__xludf.DUMMYFUNCTION("""COMPUTED_VALUE"""),64.64) -> 64.64 | N10: =IFERROR(__xludf.DUMMYFUNCTION("""COMPUTED_VALUE"""),65.94) -> 65.94 | O10: =IFERROR(__xludf.DUMMYFUNCTION("""COMPUTED_VALUE"""),70.52) -> 70.52 | P10: =IFERROR(__xludf.DUMMYFUNCTION("""COMPUTED_VALUE"""),63.35) -> 63.35 | Q10: =IFERROR(__xludf.DUMMYFUNCTION("""COMPUTED_VALUE"""),88.55) -> 88.55 | R10: =IFERROR(__xludf.DUMMYFUNCTION("""COMPUTED_VALUE"""),90.26) -> 90.26 | S10: =IFERROR(__xludf.DUMMYFUNCTION("""COMPUTED_VALUE"""),47.54) -> 47.54 | T10: =IFERROR(__xludf.DUMMYFUNCTION("""COMPUTED_VALUE"""),21.73) -> 21.73 | U10: =IFERROR(__xludf.DUMMYFUNCTION("""COMPUTED_VALUE"""),58.91) -> 58.91 | V10: =IFERROR(__xludf.DUMMYFUNCTION("""COMPUTED_VALUE"""),72.23) -> 72.23 | W10: =IFERROR(__xludf.DUMMYFUNCTION("""COMPUTED_VALUE"""),41.42) -> 41.42 | X10: =IFERROR(__xludf.DUMMYFUNCTION("""COMPUTED_VALUE"""),101.75) -> 101.75 | Y10: =IFERROR(__xludf.DUMMYFUNCTION("""COMPUTED_VALUE"""),59.79) -> 59.79 | Z10: =IFERROR(__xludf.DUMMYFUNCTION("""COMPUTED_VALUE"""),91.32) -> 91.32 | AA10: =IFERROR(__xludf.DUMMYFUNCTION("""COMPUTED_VALUE"""),49.03) -> 49.03 | AB10: =IFERROR(__xludf.DUMMYFUNCTION("""COMPUTED_VALUE"""),77.63) -> 77.63 | AC10: =IFERROR(__xludf.DUMMYFUNCTION("""COMPUTED_VALUE"""),67.65) -> 67.65 | AD10: =IFERROR(__xludf.DUMMYFUNCTION("""COMPUTED_VALUE"""),17.08) -> 17.08 | AE10: =IFERROR(__xludf.DUMMYFUNCTION("""COMPUTED_VALUE"""),27.62) -> 27.62 | AF10: =IFERROR(__xludf.DUMMYFUNCTION("""COMPUTED_VALUE"""),7.13) -> 7.13 | AG10: =IFERROR(__xludf.DUMMYFUNCTION("""COMPUTED_VALUE"""),83.76) -> 83.76
A11: =IFERROR(__xludf.DUMMYFUNCTION("""COMPUTED_VALUE"""),44574.6666666666) -> 44574.667 | B11: =IFERROR(__xludf.DUMMYFUNCTION("""COMPUTED_VALUE"""),164.37) -> 164.37 | C11: =IFERROR(__xludf.DUMMYFUNCTION("""COMPUTED_VALUE"""),430) -> 430 | D11: =IFERROR(__xludf.DUMMYFUNCTION("""COMPUTED_VALUE"""),107.58) -> 107.58 | E11: =IFERROR(__xludf.DUMMYFUNCTION("""COMPUTED_VALUE"""),174.22) -> 174.22 | F11: =IFERROR(__xludf.DUMMYFUNCTION("""COMPUTED_VALUE"""),57.13) -> 57.13 | G11: =IFERROR(__xludf.DUMMYFUNCTION("""COMPUTED_VALUE"""),32.74) -> 32.74 | H11: =IFERROR(__xludf.DUMMYFUNCTION("""COMPUTED_VALUE"""),31.12) -> 31.12 | I11: =IFERROR(__xludf.DUMMYFUNCTION("""COMPUTED_VALUE"""),134.3) -> 134.3 | J11: =IFERROR(__xludf.DUMMYFUNCTION("""COMPUTED_VALUE"""),251.4) -> 251.4 | K11: =IFERROR(__xludf.DUMMYFUNCTION("""COMPUTED_VALUE"""),138.05) -> 138.05 | L11: =IFERROR(__xludf.DUMMYFUNCTION("""COMPUTED_VALUE"""),98.1) -> 98.1 | M11: =IFERROR(__xludf.DUMMYFUNCTION("""COMPUTED_VALUE"""),63) -> 63 | N11: =IFERROR(__xludf.DUMMYFUNCTION("""COMPUTED_VALUE"""),64.78) -> 64.78 | O11: =IFERROR(__xludf.DUMMYFUNCTION("""COMPUTED_VALUE"""),68.12) -> 68.12 | P11: =IFERROR(__xludf.DUMMYFUNCTION("""COMPUTED_VALUE"""),63.03) -> 63.03 | Q11: =IFERROR(__xludf.DUMMYFUNCTION("""COMPUTED_VALUE"""),87.83) -> 87.83 | R11: =IFERROR(__xludf.DUMMYFUNCTION("""COMPUTED_VALUE"""),89.56) -> 89.56 | S11: =IFERROR(__xludf.DUMMYFUNCTION("""COMPUTED_VALUE"""),46.77) -> 46.77 | T11: =IFERROR(__xludf.DUMMYFUNCTION("""COMPUTED_VALUE"""),21.5) -> 21.5 | U11: =IFERROR(__xludf.DUMMYFUNCTION("""COMPUTED_VALUE"""),58.27) -> 58.27 | V11: =IFERROR(__xludf.DUMMYFUNCTION("""COMPUTED_VALUE"""),70.63) -> 70.63 | W11: =IFERROR(__xludf.DUMMYFUNCTION("""COMPUTED_VALUE"""),41.26) -> 41.26 | X11: =IFERROR(__xludf.DUMMYFUNCTION("""COMPUTED_VALUE"""),101.35) -> 101.35 | Y11: =IFERROR(__xludf.DUMMYFUNCTION("""COMPUTED_VALUE"""),60.04) -> 60.04 | Z11: =IFERROR(__xludf.DUMMYFUNCTION("""COMPUTED_VALUE"""),90.89) -> 90.89 | AA11: =IFERROR(__xludf.DUMMYFUNCTION("""COMPUTED_VALUE"""),48.86) -> 48.86 | AB11: =IFERROR(__xludf.DUMMYFUNCTION("""COMPUTED_VALUE"""),78.09) -> 78.09 | AC11: =IFERROR(__xludf.DUMMYFUNCTION("""COMPUTED_VALUE"""),67.27) -> 67.27 | AD11: =IFERROR(__xludf.DUMMYFUNCTION("""COMPUTED_VALUE"""),16.65) -> 16.65 | AE11: =IFERROR(__xludf.DUMMYFUNCTION("""COMPUTED_VALUE"""),26.96) -> 26.96 | AF11: =IFERROR(__xludf.DUMMYFUNCTION("""COMPUTED_VALUE"""),6.83) -> 6.83 | AG11: =IFERROR(__xludf.DUMMYFUNCTION("""COMPUTED_VALUE"""),79.36) -> 79.36
A12: =IFERROR(__xludf.DUMMYFUNCTION("""COMPUTED_VALUE"""),44575.6666666666) -> 44575.667 | B12: =IFERROR(__xludf.DUMMYFUNCTION("""COMPUTED_VALUE"""),165.76) -> 165.76 | C12: =IFERROR(__xludf.DUMMYFUNCTION("""COMPUTED_VALUE"""),433.47) -> 433.47 | D12: =IFERROR(__xludf.DUMMYFUNCTION("""COMPUTED_VALUE"""),108.66) -> 108.66 | E12: =IFERROR(__xludf.DUMMYFUNCTION("""COMPUTED_VALUE"""),178.39) -> 178.39 | F12: =IFERROR(__xludf.DUMMYFUNCTION("""COMPUTED_VALUE"""),57.29) -> 57.29 | G12: =IFERROR(__xludf.DUMMYFUNCTION("""COMPUTED_VALUE"""),32.18) -> 32.18 | H12: =IFERROR(__xludf.DUMMYFUNCTION("""COMPUTED_VALUE"""),31.02) -> 31.02 | I12: =IFERROR(__xludf.DUMMYFUNCTION("""COMPUTED_VALUE"""),134.07) -> 134.07 | J12: =IFERROR(__xludf.DUMMYFUNCTION("""COMPUTED_VALUE"""),251.22) -> 251.22 | K12: =IFERROR(__xludf.DUMMYFUNCTION("""COMPUTED_VALUE"""),138.95) -> 138.95 | L12: =IFERROR(__xludf.DUMMYFUNCTION("""COMPUTED_VALUE"""),100.49) -> 100.49 | M12: =IFERROR(__xludf.DUMMYFUNCTION("""COMPUTED_VALUE"""),63.94) -> 63.94 | N12: =IFERROR(__xludf.DUMMYFUNCTION("""COMPUTED_VALUE"""),64.72) -> 64.72 | O12: =IFERROR(__xludf.DUMMYFUNCTION("""COMPUTED_VALUE"""),68.88) -> 68.88 | P12: =IFERROR(__xludf.DUMMYFUNCTION("""COMPUTED_VALUE"""),64.51) -> 64.51 | Q12: =IFERROR(__xludf.DUMMYFUNCTION("""COMPUTED_VALUE"""),90.05) -> 90.05 | R12: =IFERROR(__xludf.DUMMYFUNCTION("""COMPUTED_VALUE"""),88.8) -> 88.8 | S12: =IFERROR(__xludf.DUMMYFUNCTION("""COMPUTED_VALUE"""),46.98) -> 46.98 | T12: =IFERROR(__xludf.DUMMYFUNCTION("""COMPUTED_VALUE"""),21.78) -> 21.78 | U12: =IFERROR(__xludf.DUMMYFUNCTION("""COMPUTED_VALUE"""),59.97) -> 59.97 | V12: =IFERROR(__xludf.DUMMYFUNCTION("""COMPUTED_VALUE"""),70.45) -> 70.45 | W12: =IFERROR(__xludf.DUMMYFUNCTION("""COMPUTED_VALUE"""),40.83) -> 40.83 | X12: =IFERROR(__xludf.DUMMYFUNCTION("""COMPUTED_VALUE"""),100.46) -> 100.46 | Y12: =IFERROR(__xludf.DUMMYFUNCTION("""COMPUTED_VALUE"""),60.41) -> 60.41 | Z12: =IFERROR(__xludf.DUMMYFUNCTION("""COMPUTED_VALUE"""),90.16) -> 90.16 | AA12: =IFERROR(__xludf.DUMMYFUNCTION("""COMPUTED_VALUE"""),48.29) -> 48.29 | AB12: =IFERROR(__xludf.DUMMYFUNCTION("""COMPUTED_VALUE"""),78.78) -> 78.78 | AC12: =IFERROR(__xludf.DUMMYFUNCTION("""COMPUTED_VALUE"""),66.53) -> 66.53 | AD12: =IFERROR(__xludf.DUMMYFUNCTION("""COMPUTED_VALUE"""),16.81) -> 16.81 | AE12: =IFERROR(__xludf.DUMMYFUNCTION("""COMPUTED_VALUE"""),27.17) -> 27.17 | AF12: =IFERROR(__xludf.DUMMYFUNCTION("""COMPUTED_VALUE"""),6.9) -> 6.9 | AG12: =IFERROR(__xludf.DUMMYFUNCTION("""COMPUTED_VALUE"""),80.44) -> 80.44
A13: =IFERROR(__xludf.DUMMYFUNCTION("""COMPUTED_VALUE"""),44579.6666666666) -> 44579.667 | B13: =IFERROR(__xludf.DUMMYFUNCTION("""COMPUTED_VALUE"""),161.78) -> 161.78 | C13: =IFERROR(__xludf.DUMMYFUNCTION("""COMPUTED_VALUE"""),422.41) -> 422.41 | D13: =IFERROR(__xludf.DUMMYFUNCTION("""COMPUTED_VALUE"""),105.67) -> 105.67 | E13: =IFERROR(__xludf.DUMMYFUNCTION("""COMPUTED_VALUE"""),170.41) -> 170.41 | F13: =IFERROR(__xludf.DUMMYFUNCTION("""COMPUTED_VALUE"""),56.1) -> 56.1 | G13: =IFERROR(__xludf.DUMMYFUNCTION("""COMPUTED_VALUE"""),31.23) -> 31.23 | H13: =IFERROR(__xludf.DUMMYFUNCTION("""COMPUTED_VALUE"""),30.19) -> 30.19 | I13: =IFERROR(__xludf.DUMMYFUNCTION("""COMPUTED_VALUE"""),132.19) -> 132.19 | J13: =IFERROR(__xludf.DUMMYFUNCTION("""COMPUTED_VALUE"""),246.47) -> 246.47 | K13: =IFERROR(__xludf.DUMMYFUNCTION("""COMPUTED_VALUE"""),133.46) -> 133.46 | L13: =IFERROR(__xludf.DUMMYFUNCTION("""COMPUTED_VALUE"""),94.52) -> 94.52 | M13: =IFERROR(__xludf.DUMMYFUNCTION("""COMPUTED_VALUE"""),61.43) -> 61.43 | N13: =IFERROR(__xludf.DUMMYFUNCTION("""COMPUTED_VALUE"""),63.56) -> 63.56 | O13: =IFERROR(__xludf.DUMMYFUNCTION("""COMPUTED_VALUE"""),64.96) -> 64.96 | P13: =IFERROR(__xludf.DUMMYFUNCTION("""COMPUTED_VALUE"""),64.77) -> 64.77 | Q13: =IFERROR(__xludf.DUMMYFUNCTION("""COMPUTED_VALUE"""),90.15) -> 90.15 | R13: =IFERROR(__xludf.DUMMYFUNCTION("""COMPUTED_VALUE"""),87.63) -> 87.63 | S13: =IFERROR(__xludf.DUMMYFUNCTION("""COMPUTED_VALUE"""),46.21) -> 46.21 | T13: =IFERROR(__xludf.DUMMYFUNCTION("""COMPUTED_VALUE"""),21.95) -> 21.95 | U13: =IFERROR(__xludf.DUMMYFUNCTION("""COMPUTED_VALUE"""),60.97) -> 60.97 | V13: =IFERROR(__xludf.DUMMYFUNCTION("""COMPUTED_VALUE"""),67.43) -> 67.43 | W13: =IFERROR(__xludf.DUMMYFUNCTION("""COMPUTED_VALUE"""),39.92) -> 39.92 | X13: =IFERROR(__xludf.DUMMYFUNCTION("""COMPUTED_VALUE"""),98.22) -> 98.22 | Y13: =IFERROR(__xludf.DUMMYFUNCTION("""COMPUTED_VALUE"""),59.22) -> 59.22 | Z13: =IFERROR(__xludf.DUMMYFUNCTION("""COMPUTED_VALUE"""),88.23) -> 88.23 | AA13: =IFERROR(__xludf.DUMMYFUNCTION("""COMPUTED_VALUE"""),47.96) -> 47.96 | AB13: =IFERROR(__xludf.DUMMYFUNCTION("""COMPUTED_VALUE"""),77.11) -> 77.11 | AC13: =IFERROR(__xludf.DUMMYFUNCTION("""COMPUTED_VALUE"""),64.97) -> 64.97 | AD13: =IFERROR(__xludf.DUMMYFUNCTION("""COMPUTED_VALUE"""),16.25) -> 16.25 | AE13: =IFERROR(__xludf.DUMMYFUNCTION("""COMPUTED_VALUE"""),26.28) -> 26.28 | AF13: =IFERROR(__xludf.DUMMYFUNCTION("""COMPUTED_VALUE"""),6.84) -> 6.84 | AG13: =IFERROR(__xludf.DUMMYFUNCTION("""COMPUTED_VALUE"""),75.32) -> 75.32
A14: =IFERROR(__xludf.DUMMYFUNCTION("""COMPUTED_VALUE"""),44580.6666666666) -> 44580.667 | B14: =IFERROR(__xludf.DUMMYFUNCTION("""COMPUTED_VALUE"""),159.52) -> 159.52 | C14: =IFERROR(__xludf.DUMMYFUNCTION("""COMPUTED_VALUE"""),416.52) -> 416.52 | D14: =IFERROR(__xludf.DUMMYFUNCTION("""COMPUTED_VALUE"""),104.37) -> 104.37 | E14: =IFERROR(__xludf.DUMMYFUNCTION("""COMPUTED_VALUE"""),165.4) -> 165.4 | F14: =IFERROR(__xludf.DUMMYFUNCTION("""COMPUTED_VALUE"""),55.89) -> 55.89 | G14: =IFERROR(__xludf.DUMMYFUNCTION("""COMPUTED_VALUE"""),30.8) -> 30.8 | H14: =IFERROR(__xludf.DUMMYFUNCTION("""COMPUTED_VALUE"""),29.93) -> 29.93 | I14: =IFERROR(__xludf.DUMMYFUNCTION("""COMPUTED_VALUE"""),131.65) -> 131.65 | J14: =IFERROR(__xludf.DUMMYFUNCTION("""COMPUTED_VALUE"""),245.42) -> 245.42 | K14: =IFERROR(__xludf.DUMMYFUNCTION("""COMPUTED_VALUE"""),131.83) -> 131.83 | L14: =IFERROR(__xludf.DUMMYFUNCTION("""COMPUTED_VALUE"""),93.5) -> 93.5 | M14: =IFERROR(__xludf.DUMMYFUNCTION("""COMPUTED_VALUE"""),60.65) -> 60.65 | N14: =IFERROR(__xludf.DUMMYFUNCTION("""COMPUTED_VALUE"""),63.28) -> 63.28 | O14: =IFERROR(__xludf.DUMMYFUNCTION("""COMPUTED_VALUE"""),64.24) -> 64.24 | P14: =IFERROR(__xludf.DUMMYFUNCTION("""COMPUTED_VALUE"""),64.3) -> 64.3 | Q14: =IFERROR(__xludf.DUMMYFUNCTION("""COMPUTED_VALUE"""),89.39) -> 89.39 | R14: =IFERROR(__xludf.DUMMYFUNCTION("""COMPUTED_VALUE"""),87.41) -> 87.41 | S14: =IFERROR(__xludf.DUMMYFUNCTION("""COMPUTED_VALUE"""),46.18) -> 46.18 | T14: =IFERROR(__xludf.DUMMYFUNCTION("""COMPUTED_VALUE"""),22.07) -> 22.07 | U14: =IFERROR(__xludf.DUMMYFUNCTION("""COMPUTED_VALUE"""),61.05) -> 61.05 | V14: =IFERROR(__xludf.DUMMYFUNCTION("""COMPUTED_VALUE"""),66.94) -> 66.94 | W14: =IFERROR(__xludf.DUMMYFUNCTION("""COMPUTED_VALUE"""),39.25) -> 39.25 | X14: =IFERROR(__xludf.DUMMYFUNCTION("""COMPUTED_VALUE"""),96.46) -> 96.46 | Y14: =IFERROR(__xludf.DUMMYFUNCTION("""COMPUTED_VALUE"""),57.57) -> 57.57 | Z14: =IFERROR(__xludf.DUMMYFUNCTION("""COMPUTED_VALUE"""),86.69) -> 86.69 | AA14: =IFERROR(__xludf.DUMMYFUNCTION("""COMPUTED_VALUE"""),47.34) -> 47.34 | AB14: =IFERROR(__xludf.DUMMYFUNCTION("""COMPUTED_VALUE"""),75.01) -> 75.01 | AC14: =IFERROR(__xludf.DUMMYFUNCTION("""COMPUTED_VALUE"""),63.92) -> 63.92 | AD14: =IFERROR(__xludf.DUMMYFUNCTION("""COMPUTED_VALUE"""),16.2) -> 16.2 | AE14: =IFERROR(__xludf.DUMMYFUNCTION("""COMPUTED_VALUE"""),26.2) -> 26.2 | AF14: =IFERROR(__xludf.DUMMYFUNCTION("""COMPUTED_VALUE"""),6.41) -> 6.41 | AG14: =IFERROR(__xludf.DUMMYFUNCTION("""COMPUTED_VALUE"""),72.84) -> 72.84
A15: =IFERROR(__xludf.DUMMYFUNCTION("""COMPUTED_VALUE"""),44581.6666666666) -> 44581.667 | B15: =IFERROR(__xludf.DUMMYFUNCTION("""COMPUTED_VALUE"""),157.46) -> 157.46 | C15: =IFERROR(__xludf.DUMMYFUNCTION("""COMPUTED_VALUE"""),411.34) -> 411.34 | D15: =IFERROR(__xludf.DUMMYFUNCTION("""COMPUTED_VALUE"""),102.91) -> 102.91 | E15: =IFERROR(__xludf.DUMMYFUNCTION("""COMPUTED_VALUE"""),160.21) -> 160.21 | F15: =IFERROR(__xludf.DUMMYFUNCTION("""COMPUTED_VALUE"""),55.74) -> 55.74 | G15: =IFERROR(__xludf.DUMMYFUNCTION("""COMPUTED_VALUE"""),30.55) -> 30.55 | H15: =IFERROR(__xludf.DUMMYFUNCTION("""COMPUTED_VALUE"""),29.58) -> 29.58 | I15: =IFERROR(__xludf.DUMMYFUNCTION("""COMPUTED_VALUE"""),130.79) -> 130.79 | J15: =IFERROR(__xludf.DUMMYFUNCTION("""COMPUTED_VALUE"""),243.97) -> 243.97 | K15: =IFERROR(__xludf.DUMMYFUNCTION("""COMPUTED_VALUE"""),130.65) -> 130.65 | L15: =IFERROR(__xludf.DUMMYFUNCTION("""COMPUTED_VALUE"""),91.97) -> 91.97 | M15: =IFERROR(__xludf.DUMMYFUNCTION("""COMPUTED_VALUE"""),59.7) -> 59.7 | N15: =IFERROR(__xludf.DUMMYFUNCTION("""COMPUTED_VALUE"""),62.85) -> 62.85 | O15: =IFERROR(__xludf.DUMMYFUNCTION("""COMPUTED_VALUE"""),63.84) -> 63.84 | P15: =IFERROR(__xludf.DUMMYFUNCTION("""COMPUTED_VALUE"""),63.71) -> 63.71 | Q15: =IFERROR(__xludf.DUMMYFUNCTION("""COMPUTED_VALUE"""),88.29) -> 88.29 | R15: =IFERROR(__xludf.DUMMYFUNCTION("""COMPUTED_VALUE"""),86.14) -> 86.14 | S15: =IFERROR(__xludf.DUMMYFUNCTION("""COMPUTED_VALUE"""),44.5) -> 44.5 | T15: =IFERROR(__xludf.DUMMYFUNCTION("""COMPUTED_VALUE"""),21.99) -> 21.99 | U15: =IFERROR(__xludf.DUMMYFUNCTION("""COMPUTED_VALUE"""),60.66) -> 60.66 | V15: =IFERROR(__xludf.DUMMYFUNCTION("""COMPUTED_VALUE"""),66.99) -> 66.99 | W15: =IFERROR(__xludf.DUMMYFUNCTION("""COMPUTED_VALUE"""),39) -> 39 | X15: =IFERROR(__xludf.DUMMYFUNCTION("""COMPUTED_VALUE"""),95.68) -> 95.68 | Y15: =IFERROR(__xludf.DUMMYFUNCTION("""COMPUTED_VALUE"""),56.24) -> 56.24 | Z15: =IFERROR(__xludf.DUMMYFUNCTION("""COMPUTED_VALUE"""),86.13) -> 86.13 | AA15: =IFERROR(__xludf.DUMMYFUNCTION("""COMPUTED_VALUE"""),46.92) -> 46.92 | AB15: =IFERROR(__xludf.DUMMYFUNCTION("""COMPUTED_VALUE"""),73.04) -> 73.04 | AC15: =IFERROR(__xludf.DUMMYFUNCTION("""COMPUTED_VALUE"""),63.55) -> 63.55 | AD15: =IFERROR(__xludf.DUMMYFUNCTION("""COMPUTED_VALUE"""),16.63) -> 16.63 | AE15: =IFERROR(__xludf.DUMMYFUNCTION("""COMPUTED_VALUE"""),26.9) -> 26.9 | AF15: =IFERROR(__xludf.DUMMYFUNCTION("""COMPUTED_VALUE"""),6.32) -> 6.32 | AG15: =IFERROR(__xludf.DUMMYFUNCTION("""COMPUTED_VALUE"""),73.56) -> 73.56
A16: =IFERROR(__xludf.DUMMYFUNCTION("""COMPUTED_VALUE"""),44582.6666666666) -> 44582.667 | B16: =IFERROR(__xludf.DUMMYFUNCTION("""COMPUTED_VALUE"""),154.33) -> 154.33 | C16: =IFERROR(__xludf.DUMMYFUNCTION("""COMPUTED_VALUE"""),402.43) -> 402.43 | D16: =IFERROR(__xludf.DUMMYFUNCTION("""COMPUTED_VALUE"""),100.62) -> 100.62 | E16: =IFERROR(__xludf.DUMMYFUNCTION("""COMPUTED_VALUE"""),157.55) -> 157.55 | F16: =IFERROR(__xludf.DUMMYFUNCTION("""COMPUTED_VALUE"""),54.63) -> 54.63 | G16: =IFERROR(__xludf.DUMMYFUNCTION("""COMPUTED_VALUE"""),29.49) -> 29.49 | H16: =IFERROR(__xludf.DUMMYFUNCTION("""COMPUTED_VALUE"""),28.78) -> 28.78 | I16: =IFERROR(__xludf.DUMMYFUNCTION("""COMPUTED_VALUE"""),129.47) -> 129.47 | J16: =IFERROR(__xludf.DUMMYFUNCTION("""COMPUTED_VALUE"""),241.39) -> 241.39 | K16: =IFERROR(__xludf.DUMMYFUNCTION("""COMPUTED_VALUE"""),128.68) -> 128.68 | L16: =IFERROR(__xludf.DUMMYFUNCTION("""COMPUTED_VALUE"""),90.03) -> 90.03 | M16: =IFERROR(__xludf.DUMMYFUNCTION("""COMPUTED_VALUE"""),58.98) -> 58.98 | N16: =IFERROR(__xludf.DUMMYFUNCTION("""COMPUTED_VALUE"""),62.14) -> 62.14 | O16: =IFERROR(__xludf.DUMMYFUNCTION("""COMPUTED_VALUE"""),62.56) -> 62.56 | P16: =IFERROR(__xludf.DUMMYFUNCTION("""COMPUTED_VALUE"""),62.45) -> 62.45 | Q16: =IFERROR(__xludf.DUMMYFUNCTION("""COMPUTED_VALUE"""),86.41) -> 86.41 | R16: =IFERROR(__xludf.DUMMYFUNCTION("""COMPUTED_VALUE"""),84.04) -> 84.04 | S16: =IFERROR(__xludf.DUMMYFUNCTION("""COMPUTED_VALUE"""),42.27) -> 42.27 | T16: =IFERROR(__xludf.DUMMYFUNCTION("""COMPUTED_VALUE"""),22.01) -> 22.01 | U16: =IFERROR(__xludf.DUMMYFUNCTION("""COMPUTED_VALUE"""),60.78) -> 60.78 | V16: =IFERROR(__xludf.DUMMYFUNCTION("""COMPUTED_VALUE"""),63.74) -> 63.74 | W16: =IFERROR(__xludf.DUMMYFUNCTION("""COMPUTED_VALUE"""),38.2) -> 38.2 | X16: =IFERROR(__xludf.DUMMYFUNCTION("""COMPUTED_VALUE"""),93.85) -> 93.85 | Y16: =IFERROR(__xludf.DUMMYFUNCTION("""COMPUTED_VALUE"""),55.12) -> 55.12 | Z16: =IFERROR(__xludf.DUMMYFUNCTION("""COMPUTED_VALUE"""),84.38) -> 84.38 | AA16: =IFERROR(__xludf.DUMMYFUNCTION("""COMPUTED_VALUE"""),46.89) -> 46.89 | AB16: =IFERROR(__xludf.DUMMYFUNCTION("""COMPUTED_VALUE"""),71.61) -> 71.61 | AC16: =IFERROR(__xludf.DUMMYFUNCTION("""COMPUTED_VALUE"""),62.07) -> 62.07 | AD16: =IFERROR(__xludf.DUMMYFUNCTION("""COMPUTED_VALUE"""),14.91) -> 14.91 | AE16: =IFERROR(__xludf.DUMMYFUNCTION("""COMPUTED_VALUE"""),24.1) -> 24.1 | AF16: =IFERROR(__xludf.DUMMYFUNCTION("""COMPUTED_VALUE"""),5.95) -> 5.95 | AG16: =IFERROR(__xludf.DUMMYFUNCTION("""COMPUTED_VALUE"""),64.52) -> 64.52
A17: =IFERROR(__xludf.DUMMYFUNCTION("""COMPUTED_VALUE"""),44585.6666666666) -> 44585.667 | B17: =IFERROR(__xludf.DUMMYFUNCTION("""COMPUTED_VALUE"""),155.13) -> 155.13 | C17: =IFERROR(__xludf.DUMMYFUNCTION("""COMPUTED_VALUE"""),405.03) -> 405.03 | D17: =IFERROR(__xludf.DUMMYFUNCTION("""COMPUTED_VALUE"""),101.63) -> 101.63 | E17: =IFERROR(__xludf.DUMMYFUNCTION("""COMPUTED_VALUE"""),159.35) -> 159.35 | F17: =IFERROR(__xludf.DUMMYFUNCTION("""COMPUTED_VALUE"""),55.16) -> 55.16 | G17: =IFERROR(__xludf.DUMMYFUNCTION("""COMPUTED_VALUE"""),29.3) -> 29.3 | H17: =IFERROR(__xludf.DUMMYFUNCTION("""COMPUTED_VALUE"""),29.13) -> 29.13 | I17: =IFERROR(__xludf.DUMMYFUNCTION("""COMPUTED_VALUE"""),129.04) -> 129.04 | J17: =IFERROR(__xludf.DUMMYFUNCTION("""COMPUTED_VALUE"""),241.11) -> 241.11 | K17: =IFERROR(__xludf.DUMMYFUNCTION("""COMPUTED_VALUE"""),129.86) -> 129.86 | L17: =IFERROR(__xludf.DUMMYFUNCTION("""COMPUTED_VALUE"""),92.11) -> 92.11 | M17: =IFERROR(__xludf.DUMMYFUNCTION("""COMPUTED_VALUE"""),59.88) -> 59.88 | N17: =IFERROR(__xludf.DUMMYFUNCTION("""COMPUTED_VALUE"""),62.11) -> 62.11 | O17: =IFERROR(__xludf.DUMMYFUNCTION("""COMPUTED_VALUE"""),63.6) -> 63.6 | P17: =IFERROR(__xludf.DUMMYFUNCTION("""COMPUTED_VALUE"""),62.87) -> 62.87 | Q17: =IFERROR(__xludf.DUMMYFUNCTION("""COMPUTED_VALUE"""),87.06) -> 87.06 | R17: =IFERROR(__xludf.DUMMYFUNCTION("""COMPUTED_VALUE"""),84.09) -> 84.09 | S17: =IFERROR(__xludf.DUMMYFUNCTION("""COMPUTED_VALUE"""),42.66) -> 42.66 | T17: =IFERROR(__xludf.DUMMYFUNCTION("""COMPUTED_VALUE"""),21.96) -> 21.96 | U17: =IFERROR(__xludf.DUMMYFUNCTION("""COMPUTED_VALUE"""),60.11) -> 60.11 | V17: =IFERROR(__xludf.DUMMYFUNCTION("""COMPUTED_VALUE"""),64.42) -> 64.42 | W17: =IFERROR(__xludf.DUMMYFUNCTION("""COMPUTED_VALUE"""),38.31) -> 38.31 | X17: =IFERROR(__xludf.DUMMYFUNCTION("""COMPUTED_VALUE"""),94.19) -> 94.19 | Y17: =IFERROR(__xludf.DUMMYFUNCTION("""COMPUTED_VALUE"""),55.7) -> 55.7 | Z17: =IFERROR(__xludf.DUMMYFUNCTION("""COMPUTED_VALUE"""),84.66) -> 84.66 | AA17: =IFERROR(__xludf.DUMMYFUNCTION("""COMPUTED_VALUE"""),46.99) -> 46.99 | AB17: =IFERROR(__xludf.DUMMYFUNCTION("""COMPUTED_VALUE"""),72.61) -> 72.61 | AC17: =IFERROR(__xludf.DUMMYFUNCTION("""COMPUTED_VALUE"""),61.94) -> 61.94 | AD17: =IFERROR(__xludf.DUMMYFUNCTION("""COMPUTED_VALUE"""),14.49) -> 14.49 | AE17: =IFERROR(__xludf.DUMMYFUNCTION("""COMPUTED_VALUE"""),23.48) -> 23.48 | AF17: =IFERROR(__xludf.DUMMYFUNCTION("""COMPUTED_VALUE"""),5.37) -> 5.37 | AG17: =IFERROR(__xludf.DUMMYFUNCTION("""COMPUTED_VALUE"""),63.32) -> 63.32
A18: =IFERROR(__xludf.DUMMYFUNCTION("""COMPUTED_VALUE"""),44586.6666666666) -> 44586.667 | B18: =IFERROR(__xludf.DUMMYFUNCTION("""COMPUTED_VALUE"""),151.54) -> 151.54 | C18: =IFERROR(__xludf.DUMMYFUNCTION("""COMPUTED_VALUE"""),395.08) -> 395.08 | D18: =IFERROR(__xludf.DUMMYFUNCTION("""COMPUTED_VALUE"""),98.76) -> 98.76 | E18: =IFERROR(__xludf.DUMMYFUNCTION("""COMPUTED_VALUE"""),153.4) -> 153.4 | F18: =IFERROR(__xludf.DUMMYFUNCTION("""COMPUTED_VALUE"""),53.43) -> 53.43 | G18: =IFERROR(__xludf.DUMMYFUNCTION("""COMPUTED_VALUE"""),28.81) -> 28.81 | H18: =IFERROR(__xludf.DUMMYFUNCTION("""COMPUTED_VALUE"""),28.47) -> 28.47 | I18: =IFERROR(__xludf.DUMMYFUNCTION("""COMPUTED_VALUE"""),128.21) -> 128.21 | J18: =IFERROR(__xludf.DUMMYFUNCTION("""COMPUTED_VALUE"""),238.85) -> 238.85 | K18: =IFERROR(__xludf.DUMMYFUNCTION("""COMPUTED_VALUE"""),127.59) -> 127.59 | L18: =IFERROR(__xludf.DUMMYFUNCTION("""COMPUTED_VALUE"""),91.38) -> 91.38 | M18: =IFERROR(__xludf.DUMMYFUNCTION("""COMPUTED_VALUE"""),58.99) -> 58.99 | N18: =IFERROR(__xludf.DUMMYFUNCTION("""COMPUTED_VALUE"""),61.56) -> 61.56 | O18: =IFERROR(__xludf.DUMMYFUNCTION("""COMPUTED_VALUE"""),62.48) -> 62.48 | P18: =IFERROR(__xludf.DUMMYFUNCTION("""COMPUTED_VALUE"""),65.31) -> 65.31 | Q18: =IFERROR(__xludf.DUMMYFUNCTION("""COMPUTED_VALUE"""),90.29) -> 90.29 | R18: =IFERROR(__xludf.DUMMYFUNCTION("""COMPUTED_VALUE"""),83.33) -> 83.33 | S18: =IFERROR(__xludf.DUMMYFUNCTION("""COMPUTED_VALUE"""),42.8) -> 42.8 | T18: =IFERROR(__xludf.DUMMYFUNCTION("""COMPUTED_VALUE"""),22.16) -> 22.16 | U18: =IFERROR(__xludf.DUMMYFUNCTION("""COMPUTED_VALUE"""),60.97) -> 60.97 | V18: =IFERROR(__xludf.DUMMYFUNCTION("""COMPUTED_VALUE"""),62.37) -> 62.37 | W18: =IFERROR(__xludf.DUMMYFUNCTION("""COMPUTED_VALUE"""),38.47) -> 38.47 | X18: =IFERROR(__xludf.DUMMYFUNCTION("""COMPUTED_VALUE"""),94.49) -> 94.49 | Y18: =IFERROR(__xludf.DUMMYFUNCTION("""COMPUTED_VALUE"""),55.82) -> 55.82 | Z18: =IFERROR(__xludf.DUMMYFUNCTION("""COMPUTED_VALUE"""),84.58) -> 84.58 | AA18: =IFERROR(__xludf.DUMMYFUNCTION("""COMPUTED_VALUE"""),46.86) -> 46.86 | AB18: =IFERROR(__xludf.DUMMYFUNCTION("""COMPUTED_VALUE"""),72.55) -> 72.55 | AC18: =IFERROR(__xludf.DUMMYFUNCTION("""COMPUTED_VALUE"""),62.04) -> 62.04 | AD18: =IFERROR(__xludf.DUMMYFUNCTION("""COMPUTED_VALUE"""),14.38) -> 14.38 | AE18: =IFERROR(__xludf.DUMMYFUNCTION("""COMPUTED_VALUE"""),23.22) -> 23.22 | AF18: =IFERROR(__xludf.DUMMYFUNCTION("""COMPUTED_VALUE"""),5.38) -> 5.38 | AG18: =IFERROR(__xludf.DUMMYFUNCTION("""COMPUTED_VALUE"""),62.64) -> 62.64
A19: =IFERROR(__xludf.DUMMYFUNCTION("""COMPUTED_VALUE"""),44587.6666666666) -> 44587.667 | B19: =IFERROR(__xludf.DUMMYFUNCTION("""COMPUTED_VALUE"""),152.43) -> 152.43 | C19: =IFERROR(__xludf.DUMMYFUNCTION("""COMPUTED_VALUE"""),396.45) -> 396.45 | D19: =IFERROR(__xludf.DUMMYFUNCTION("""COMPUTED_VALUE"""),99.24) -> 99.24 | E19: =IFERROR(__xludf.DUMMYFUNCTION("""COMPUTED_VALUE"""),155.76) -> 155.76 | F19: =IFERROR(__xludf.DUMMYFUNCTION("""COMPUTED_VALUE"""),53) -> 53 | G19: =IFERROR(__xludf.DUMMYFUNCTION("""COMPUTED_VALUE"""),28.75) -> 28.75 | H19: =IFERROR(__xludf.DUMMYFUNCTION("""COMPUTED_VALUE"""),28.18) -> 28.18 | I19: =IFERROR(__xludf.DUMMYFUNCTION("""COMPUTED_VALUE"""),127.54) -> 127.54 | J19: =IFERROR(__xludf.DUMMYFUNCTION("""COMPUTED_VALUE"""),237.56) -> 237.56 | K19: =IFERROR(__xludf.DUMMYFUNCTION("""COMPUTED_VALUE"""),126.22) -> 126.22 | L19: =IFERROR(__xludf.DUMMYFUNCTION("""COMPUTED_VALUE"""),89.59) -> 89.59 | M19: =IFERROR(__xludf.DUMMYFUNCTION("""COMPUTED_VALUE"""),58.18) -> 58.18 | N19: =IFERROR(__xludf.DUMMYFUNCTION("""COMPUTED_VALUE"""),61.11) -> 61.11 | O19: =IFERROR(__xludf.DUMMYFUNCTION("""COMPUTED_VALUE"""),61.2) -> 61.2 | P19: =IFERROR(__xludf.DUMMYFUNCTION("""COMPUTED_VALUE"""),65.2) -> 65.2 | Q19: =IFERROR(__xludf.DUMMYFUNCTION("""COMPUTED_VALUE"""),90.06) -> 90.06 | R19: =IFERROR(__xludf.DUMMYFUNCTION("""COMPUTED_VALUE"""),82.46) -> 82.46 | S19: =IFERROR(__xludf.DUMMYFUNCTION("""COMPUTED_VALUE"""),41.67) -> 41.67 | T19: =IFERROR(__xludf.DUMMYFUNCTION("""COMPUTED_VALUE"""),22.21) -> 22.21 | U19: =IFERROR(__xludf.DUMMYFUNCTION("""COMPUTED_VALUE"""),61.68) -> 61.68 | V19: =IFERROR(__xludf.DUMMYFUNCTION("""COMPUTED_VALUE"""),62.49) -> 62.49 | W19: =IFERROR(__xludf.DUMMYFUNCTION("""COMPUTED_VALUE"""),38.57) -> 38.57 | X19: =IFERROR(__xludf.DUMMYFUNCTION("""COMPUTED_VALUE"""),94.45) -> 94.45 | Y19: =IFERROR(__xludf.DUMMYFUNCTION("""COMPUTED_VALUE"""),55.45) -> 55.45 | Z19: =IFERROR(__xludf.DUMMYFUNCTION("""COMPUTED_VALUE"""),84.82) -> 84.82 | AA19: =IFERROR(__xludf.DUMMYFUNCTION("""COMPUTED_VALUE"""),46.08) -> 46.08 | AB19: =IFERROR(__xludf.DUMMYFUNCTION("""COMPUTED_VALUE"""),72.15) -> 72.15 | AC19: =IFERROR(__xludf.DUMMYFUNCTION("""COMPUTED_VALUE"""),62.3) -> 62.3 | AD19: =IFERROR(__xludf.DUMMYFUNCTION("""COMPUTED_VALUE"""),14.42) -> 14.42 | AE19: =IFERROR(__xludf.DUMMYFUNCTION("""COMPUTED_VALUE"""),23.25) -> 23.25 | AF19: =IFERROR(__xludf.DUMMYFUNCTION("""COMPUTED_VALUE"""),5.32) -> 5.32 | AG19: =IFERROR(__xludf.DUMMYFUNCTION("""COMPUTED_VALUE"""),62.48) -> 62.48
A20: =IFERROR(__xludf.DUMMYFUNCTION("""COMPUTED_VALUE"""),44588.6666666666) -> 44588.667 | B20: =IFERROR(__xludf.DUMMYFUNCTION("""COMPUTED_VALUE"""),151.38) -> 151.38 | C20: =IFERROR(__xludf.DUMMYFUNCTION("""COMPUTED_VALUE"""),393.09) -> 393.09 | D20: =IFERROR(__xludf.DUMMYFUNCTION("""COMPUTED_VALUE"""),98.38) -> 98.38 | E20: =IFERROR(__xludf.DUMMYFUNCTION("""COMPUTED_VALUE"""),148.82) -> 148.82 | F20: =IFERROR(__xludf.DUMMYFUNCTION("""COMPUTED_VALUE"""),52.39) -> 52.39 | G20: =IFERROR(__xludf.DUMMYFUNCTION("""COMPUTED_VALUE"""),28.08) -> 28.08 | H20: =IFERROR(__xludf.DUMMYFUNCTION("""COMPUTED_VALUE"""),27.74) -> 27.74 | I20: =IFERROR(__xludf.DUMMYFUNCTION("""COMPUTED_VALUE"""),127.87) -> 127.87 | J20: =IFERROR(__xludf.DUMMYFUNCTION("""COMPUTED_VALUE"""),236.85) -> 236.85 | K20: =IFERROR(__xludf.DUMMYFUNCTION("""COMPUTED_VALUE"""),123.68) -> 123.68 | L20: =IFERROR(__xludf.DUMMYFUNCTION("""COMPUTED_VALUE"""),85.51) -> 85.51 | M20: =IFERROR(__xludf.DUMMYFUNCTION("""COMPUTED_VALUE"""),56.78) -> 56.78 | N20: =IFERROR(__xludf.DUMMYFUNCTION("""COMPUTED_VALUE"""),61.05) -> 61.05 | O20: =IFERROR(__xludf.DUMMYFUNCTION("""COMPUTED_VALUE"""),59.36) -> 59.36 | P20: =IFERROR(__xludf.DUMMYFUNCTION("""COMPUTED_VALUE"""),65.91) -> 65.91 | Q20: =IFERROR(__xludf.DUMMYFUNCTION("""COMPUTED_VALUE"""),90.98) -> 90.98 | R20: =IFERROR(__xludf.DUMMYFUNCTION("""COMPUTED_VALUE"""),82.74) -> 82.74 | S20: =IFERROR(__xludf.DUMMYFUNCTION("""COMPUTED_VALUE"""),41.02) -> 41.02 | T20: =IFERROR(__xludf.DUMMYFUNCTION("""COMPUTED_VALUE"""),22.32) -> 22.32 | U20: =IFERROR(__xludf.DUMMYFUNCTION("""COMPUTED_VALUE"""),61.86) -> 61.86 | V20: =IFERROR(__xludf.DUMMYFUNCTION("""COMPUTED_VALUE"""),60.14) -> 60.14 | W20: =IFERROR(__xludf.DUMMYFUNCTION("""COMPUTED_VALUE"""),38.22) -> 38.22 | X20: =IFERROR(__xludf.DUMMYFUNCTION("""COMPUTED_VALUE"""),93.63) -> 93.63 | Y20: =IFERROR(__xludf.DUMMYFUNCTION("""COMPUTED_VALUE"""),54.28) -> 54.28 | Z20: =IFERROR(__xludf.DUMMYFUNCTION("""COMPUTED_VALUE"""),84.18) -> 84.18 | AA20: =IFERROR(__xludf.DUMMYFUNCTION("""COMPUTED_VALUE"""),45.25) -> 45.25 | AB20: =IFERROR(__xludf.DUMMYFUNCTION("""COMPUTED_VALUE"""),70.63) -> 70.63 | AC20: =IFERROR(__xludf.DUMMYFUNCTION("""COMPUTED_VALUE"""),62.01) -> 62.01 | AD20: =IFERROR(__xludf.DUMMYFUNCTION("""COMPUTED_VALUE"""),13.85) -> 13.85 | AE20: =IFERROR(__xludf.DUMMYFUNCTION("""COMPUTED_VALUE"""),22.31) -> 22.31 | AF20: =IFERROR(__xludf.DUMMYFUNCTION("""COMPUTED_VALUE"""),5.3) -> 5.3 | AG20: =IFERROR(__xludf.DUMMYFUNCTION("""COMPUTED_VALUE"""),58.32) -> 58.32
A21: =IFERROR(__xludf.DUMMYFUNCTION("""COMPUTED_VALUE"""),44589.6666666666) -> 44589.667 | B21: =IFERROR(__xludf.DUMMYFUNCTION("""COMPUTED_VALUE"""),158) -> 158 | C21: =IFERROR(__xludf.DUMMYFUNCTION("""COMPUTED_VALUE"""),409.84) -> 409.84 | D21: =IFERROR(__xludf.DUMMYFUNCTION("""COMPUTED_VALUE"""),102.04) -> 102.04 | E21: =IFERROR(__xludf.DUMMYFUNCTION("""COMPUTED_VALUE"""),151.68) -> 151.68 | F21: =IFERROR(__xludf.DUMMYFUNCTION("""COMPUTED_VALUE"""),53.29) -> 53.29 | G21: =IFERROR(__xludf.DUMMYFUNCTION("""COMPUTED_VALUE"""),28.39) -> 28.39 | H21: =IFERROR(__xludf.DUMMYFUNCTION("""COMPUTED_VALUE"""),28.49) -> 28.49 | I21: =IFERROR(__xludf.DUMMYFUNCTION("""COMPUTED_VALUE"""),130.48) -> 130.48 | J21: =IFERROR(__xludf.DUMMYFUNCTION("""COMPUTED_VALUE"""),242.28) -> 242.28 | K21: =IFERROR(__xludf.DUMMYFUNCTION("""COMPUTED_VALUE"""),127.97) -> 127.97 | L21: =IFERROR(__xludf.DUMMYFUNCTION("""COMPUTED_VALUE"""),88.58) -> 88.58 | M21: =IFERROR(__xludf.DUMMYFUNCTION("""COMPUTED_VALUE"""),59.05) -> 59.05 | N21: =IFERROR(__xludf.DUMMYFUNCTION("""COMPUTED_VALUE"""),62.45) -> 62.45 | O21: =IFERROR(__xludf.DUMMYFUNCTION("""COMPUTED_VALUE"""),61.12) -> 61.12 | P21: =IFERROR(__xludf.DUMMYFUNCTION("""COMPUTED_VALUE"""),65.63) -> 65.63 | Q21: =IFERROR(__xludf.DUMMYFUNCTION("""COMPUTED_VALUE"""),90.79) -> 90.79 | R21: =IFERROR(__xludf.DUMMYFUNCTION("""COMPUTED_VALUE"""),83.22) -> 83.22 | S21: =IFERROR(__xludf.DUMMYFUNCTION("""COMPUTED_VALUE"""),41.37) -> 41.37 | T21: =IFERROR(__xludf.DUMMYFUNCTION("""COMPUTED_VALUE"""),22.34) -> 22.34 | U21: =IFERROR(__xludf.DUMMYFUNCTION("""COMPUTED_VALUE"""),61.97) -> 61.97 | V21: =IFERROR(__xludf.DUMMYFUNCTION("""COMPUTED_VALUE"""),60.51) -> 60.51 | W21: =IFERROR(__xludf.DUMMYFUNCTION("""COMPUTED_VALUE"""),38.72) -> 38.72 | X21: =IFERROR(__xludf.DUMMYFUNCTION("""COMPUTED_VALUE"""),94.87) -> 94.87 | Y21: =IFERROR(__xludf.DUMMYFUNCTION("""COMPUTED_VALUE"""),54.58) -> 54.58 | Z21: =IFERROR(__xludf.DUMMYFUNCTION("""COMPUTED_VALUE"""),85.41) -> 85.41 | AA21: =IFERROR(__xludf.DUMMYFUNCTION("""COMPUTED_VALUE"""),46.82) -> 46.82 | AB21: =IFERROR(__xludf.DUMMYFUNCTION("""COMPUTED_VALUE"""),71.01) -> 71.01 | AC21: =IFERROR(__xludf.DUMMYFUNCTION("""COMPUTED_VALUE"""),63.58) -> 63.58 | AD21: =IFERROR(__xludf.DUMMYFUNCTION("""COMPUTED_VALUE"""),14.71) -> 14.71 | AE21: =IFERROR(__xludf.DUMMYFUNCTION("""COMPUTED_VALUE"""),23.77) -> 23.77 | AF21: =IFERROR(__xludf.DUMMYFUNCTION("""COMPUTED_VALUE"""),5.42) -> 5.42 | AG21: =IFERROR(__xludf.DUMMYFUNCTION("""COMPUTED_VALUE"""),61.44) -> 61.44
A22: =IFERROR(__xludf.DUMMYFUNCTION("""COMPUTED_VALUE"""),44592.6666666666) -> 44592.667 | B22: =IFERROR(__xludf.DUMMYFUNCTION("""COMPUTED_VALUE"""),161.97) -> 161.97 | C22: =IFERROR(__xludf.DUMMYFUNCTION("""COMPUTED_VALUE"""),422.26) -> 422.26 | D22: =IFERROR(__xludf.DUMMYFUNCTION("""COMPUTED_VALUE"""),105.26) -> 105.26 | E22: =IFERROR(__xludf.DUMMYFUNCTION("""COMPUTED_VALUE"""),159.82) -> 159.82 | F22: =IFERROR(__xludf.DUMMYFUNCTION("""COMPUTED_VALUE"""),55.19) -> 55.19 | G22: =IFERROR(__xludf.DUMMYFUNCTION("""COMPUTED_VALUE"""),29.7) -> 29.7 | H22: =IFERROR(__xludf.DUMMYFUNCTION("""COMPUTED_VALUE"""),29.59) -> 29.59 | I22: =IFERROR(__xludf.DUMMYFUNCTION("""COMPUTED_VALUE"""),131.23) -> 131.23 | J22: =IFERROR(__xludf.DUMMYFUNCTION("""COMPUTED_VALUE"""),245.34) -> 245.34 | K22: =IFERROR(__xludf.DUMMYFUNCTION("""COMPUTED_VALUE"""),131.86) -> 131.86 | L22: =IFERROR(__xludf.DUMMYFUNCTION("""COMPUTED_VALUE"""),93.43) -> 93.43 | M22: =IFERROR(__xludf.DUMMYFUNCTION("""COMPUTED_VALUE"""),60.73) -> 60.73 | N22: =IFERROR(__xludf.DUMMYFUNCTION("""COMPUTED_VALUE"""),63.22) -> 63.22 | O22: =IFERROR(__xludf.DUMMYFUNCTION("""COMPUTED_VALUE"""),64.56) -> 64.56 | P22: =IFERROR(__xludf.DUMMYFUNCTION("""COMPUTED_VALUE"""),65.92) -> 65.92 | Q22: =IFERROR(__xludf.DUMMYFUNCTION("""COMPUTED_VALUE"""),91.18) -> 91.18 | R22: =IFERROR(__xludf.DUMMYFUNCTION("""COMPUTED_VALUE"""),84.45) -> 84.45 | S22: =IFERROR(__xludf.DUMMYFUNCTION("""COMPUTED_VALUE"""),41.72) -> 41.72 | T22: =IFERROR(__xludf.DUMMYFUNCTION("""COMPUTED_VALUE"""),22.42) -> 22.42 | U22: =IFERROR(__xludf.DUMMYFUNCTION("""COMPUTED_VALUE"""),62.48) -> 62.48 | V22: =IFERROR(__xludf.DUMMYFUNCTION("""COMPUTED_VALUE"""),65.48) -> 65.48 | W22: =IFERROR(__xludf.DUMMYFUNCTION("""COMPUTED_VALUE"""),39.06) -> 39.06 | X22: =IFERROR(__xludf.DUMMYFUNCTION("""COMPUTED_VALUE"""),96.02) -> 96.02 | Y22: =IFERROR(__xludf.DUMMYFUNCTION("""COMPUTED_VALUE"""),55.03) -> 55.03 | Z22: =IFERROR(__xludf.DUMMYFUNCTION("""COMPUTED_VALUE"""),86.36) -> 86.36 | AA22: =IFERROR(__xludf.DUMMYFUNCTION("""COMPUTED_VALUE"""),47.34) -> 47.34 | AB22: =IFERROR(__xludf.DUMMYFUNCTION("""COMPUTED_VALUE"""),71.6) -> 71.6 | AC22: =IFERROR(__xludf.DUMMYFUNCTION("""COMPUTED_VALUE"""),64.3) -> 64.3 | AD22: =IFERROR(__xludf.DUMMYFUNCTION("""COMPUTED_VALUE"""),14.99) -> 14.99 | AE22: =IFERROR(__xludf.DUMMYFUNCTION("""COMPUTED_VALUE"""),24.16) -> 24.16 | AF22: =IFERROR(__xludf.DUMMYFUNCTION("""COMPUTED_VALUE"""),5.86) -> 5.86 | AG22: =IFERROR(__xludf.DUMMYFUNCTION("""COMPUTED_VALUE"""),66.12) -> 66.12
A23: =IFERROR(__xludf.DUMMYFUNCTION("""COMPUTED_VALUE"""),44593.6666666666) -> 44593.667 | B23: =IFERROR(__xludf.DUMMYFUNCTION("""COMPUTED_VALUE"""),162.39) -> 162.39 | C23: =IFERROR(__xludf.DUMMYFUNCTION("""COMPUTED_VALUE"""),424.01) -> 424.01 | D23: =IFERROR(__xludf.DUMMYFUNCTION("""COMPUTED_VALUE"""),105.84) -> 105.84 | E23: =IFERROR(__xludf.DUMMYFUNCTION("""COMPUTED_VALUE"""),161.15) -> 161.15 | F23: =IFERROR(__xludf.DUMMYFUNCTION("""COMPUTED_VALUE"""),55.72) -> 55.72 | G23: =IFERROR(__xludf.DUMMYFUNCTION("""COMPUTED_VALUE"""),30.15) -> 30.15 | H23: =IFERROR(__xludf.DUMMYFUNCTION("""COMPUTED_VALUE"""),29.99) -> 29.99 | I23: =IFERROR(__xludf.DUMMYFUNCTION("""COMPUTED_VALUE"""),131.58) -> 131.58 | J23: =IFERROR(__xludf.DUMMYFUNCTION("""COMPUTED_VALUE"""),246.28) -> 246.28 | K23: =IFERROR(__xludf.DUMMYFUNCTION("""COMPUTED_VALUE"""),134.25) -> 134.25 | L23: =IFERROR(__xludf.DUMMYFUNCTION("""COMPUTED_VALUE"""),94.94) -> 94.94 | M23: =IFERROR(__xludf.DUMMYFUNCTION("""COMPUTED_VALUE"""),61.64) -> 61.64 | N23: =IFERROR(__xludf.DUMMYFUNCTION("""COMPUTED_VALUE"""),63.41) -> 63.41 | O23: =IFERROR(__xludf.DUMMYFUNCTION("""COMPUTED_VALUE"""),66.12) -> 66.12 | P23: =IFERROR(__xludf.DUMMYFUNCTION("""COMPUTED_VALUE"""),68.27) -> 68.27 | Q23: =IFERROR(__xludf.DUMMYFUNCTION("""COMPUTED_VALUE"""),94.53) -> 94.53 | R23: =IFERROR(__xludf.DUMMYFUNCTION("""COMPUTED_VALUE"""),85.75) -> 85.75 | S23: =IFERROR(__xludf.DUMMYFUNCTION("""COMPUTED_VALUE"""),43.63) -> 43.63 | T23: =IFERROR(__xludf.DUMMYFUNCTION("""COMPUTED_VALUE"""),22.51) -> 22.51 | U23: =IFERROR(__xludf.DUMMYFUNCTION("""COMPUTED_VALUE"""),62.53) -> 62.53 | V23: =IFERROR(__xludf.DUMMYFUNCTION("""COMPUTED_VALUE"""),65.21) -> 65.21 | W23: =IFERROR(__xludf.DUMMYFUNCTION("""COMPUTED_VALUE"""),39.6) -> 39.6 | X23: =IFERROR(__xludf.DUMMYFUNCTION("""COMPUTED_VALUE"""),97.32) -> 97.32 | Y23: =IFERROR(__xludf.DUMMYFUNCTION("""COMPUTED_VALUE"""),55.87) -> 55.87 | Z23: =IFERROR(__xludf.DUMMYFUNCTION("""COMPUTED_VALUE"""),87.57) -> 87.57 | AA23: =IFERROR(__xludf.DUMMYFUNCTION("""COMPUTED_VALUE"""),47.02) -> 47.02 | AB23: =IFERROR(__xludf.DUMMYFUNCTION("""COMPUTED_VALUE"""),72.68) -> 72.68 | AC23: =IFERROR(__xludf.DUMMYFUNCTION("""COMPUTED_VALUE"""),65.54) -> 65.54 | AD23: =IFERROR(__xludf.DUMMYFUNCTION("""COMPUTED_VALUE"""),15.01) -> 15.01 | AE23: =IFERROR(__xludf.DUMMYFUNCTION("""COMPUTED_VALUE"""),24.2) -> 24.2 | AF23: =IFERROR(__xludf.DUMMYFUNCTION("""COMPUTED_VALUE"""),6.02) -> 6.02 | AG23: =IFERROR(__xludf.DUMMYFUNCTION("""COMPUTED_VALUE"""),69.24) -> 69.24
A24: =IFERROR(__xludf.DUMMYFUNCTION("""COMPUTED_VALUE"""),44594.6666666666) -> 44594.667 | B24: =IFERROR(__xludf.DUMMYFUNCTION("""COMPUTED_VALUE"""),163.71) -> 163.71 | C24: =IFERROR(__xludf.DUMMYFUNCTION("""COMPUTED_VALUE"""),426.21) -> 426.21 | D24: =IFERROR(__xludf.DUMMYFUNCTION("""COMPUTED_VALUE"""),107.6) -> 107.6 | E24: =IFERROR(__xludf.DUMMYFUNCTION("""COMPUTED_VALUE"""),165.22) -> 165.22 | F24: =IFERROR(__xludf.DUMMYFUNCTION("""COMPUTED_VALUE"""),55.1) -> 55.1 | G24: =IFERROR(__xludf.DUMMYFUNCTION("""COMPUTED_VALUE"""),30.32) -> 30.32 | H24: =IFERROR(__xludf.DUMMYFUNCTION("""COMPUTED_VALUE"""),29.88) -> 29.88 | I24: =IFERROR(__xludf.DUMMYFUNCTION("""COMPUTED_VALUE"""),133.35) -> 133.35 | J24: =IFERROR(__xludf.DUMMYFUNCTION("""COMPUTED_VALUE"""),248.57) -> 248.57 | K24: =IFERROR(__xludf.DUMMYFUNCTION("""COMPUTED_VALUE"""),132.98) -> 132.98 | L24: =IFERROR(__xludf.DUMMYFUNCTION("""COMPUTED_VALUE"""),91.85) -> 91.85 | M24: =IFERROR(__xludf.DUMMYFUNCTION("""COMPUTED_VALUE"""),60.68) -> 60.68 | N24: =IFERROR(__xludf.DUMMYFUNCTION("""COMPUTED_VALUE"""),64.04) -> 64.04 | O24: =IFERROR(__xludf.DUMMYFUNCTION("""COMPUTED_VALUE"""),64.44) -> 64.44 | P24: =IFERROR(__xludf.DUMMYFUNCTION("""COMPUTED_VALUE"""),68.49) -> 68.49 | Q24: =IFERROR(__xludf.DUMMYFUNCTION("""COMPUTED_VALUE"""),94.84) -> 94.84 | R24: =IFERROR(__xludf.DUMMYFUNCTION("""COMPUTED_VALUE"""),86.02) -> 86.02 | S24: =IFERROR(__xludf.DUMMYFUNCTION("""COMPUTED_VALUE"""),44.19) -> 44.19 | T24: =IFERROR(__xludf.DUMMYFUNCTION("""COMPUTED_VALUE"""),22.6) -> 22.6 | U24: =IFERROR(__xludf.DUMMYFUNCTION("""COMPUTED_VALUE"""),62.52) -> 62.52 | V24: =IFERROR(__xludf.DUMMYFUNCTION("""COMPUTED_VALUE"""),64) -> 64 | W24: =IFERROR(__xludf.DUMMYFUNCTION("""COMPUTED_VALUE"""),39.87) -> 39.87 | X24: =IFERROR(__xludf.DUMMYFUNCTION("""COMPUTED_VALUE"""),97.78) -> 97.78 | Y24: =IFERROR(__xludf.DUMMYFUNCTION("""COMPUTED_VALUE"""),55.73) -> 55.73 | Z24: =IFERROR(__xludf.DUMMYFUNCTION("""COMPUTED_VALUE"""),88.14) -> 88.14 | AA24: =IFERROR(__xludf.DUMMYFUNCTION("""COMPUTED_VALUE"""),47.83) -> 47.83 | AB24: =IFERROR(__xludf.DUMMYFUNCTION("""COMPUTED_VALUE"""),72.49) -> 72.49 | AC24: =IFERROR(__xludf.DUMMYFUNCTION("""COMPUTED_VALUE"""),65.8) -> 65.8 | AD24: =IFERROR(__xludf.DUMMYFUNCTION("""COMPUTED_VALUE"""),14.63) -> 14.63 | AE24: =IFERROR(__xludf.DUMMYFUNCTION("""COMPUTED_VALUE"""),23.58) -> 23.58 | AF24: =IFERROR(__xludf.DUMMYFUNCTION("""COMPUTED_VALUE"""),5.53) -> 5.53 | AG24: =IFERROR(__xludf.DUMMYFUNCTION("""COMPUTED_VALUE"""),65.48) -> 65.48
A25: =IFERROR(__xludf.DUMMYFUNCTION("""COMPUTED_VALUE"""),44595.6666666666) -> 44595.667 | B25: =IFERROR(__xludf.DUMMYFUNCTION("""COMPUTED_VALUE"""),158.96) -> 158.96 | C25: =IFERROR(__xludf.DUMMYFUNCTION("""COMPUTED_VALUE"""),412.93) -> 412.93 | D25: =IFERROR(__xludf.DUMMYFUNCTION("""COMPUTED_VALUE"""),102.81) -> 102.81 | E25: =IFERROR(__xludf.DUMMYFUNCTION("""COMPUTED_VALUE"""),158.03) -> 158.03 | F25: =IFERROR(__xludf.DUMMYFUNCTION("""COMPUTED_VALUE"""),53.84) -> 53.84 | G25: =IFERROR(__xludf.DUMMYFUNCTION("""COMPUTED_VALUE"""),28.97) -> 28.97 | H25: =IFERROR(__xludf.DUMMYFUNCTION("""COMPUTED_VALUE"""),29.12) -> 29.12 | I25: =IFERROR(__xludf.DUMMYFUNCTION("""COMPUTED_VALUE"""),132.78) -> 132.78 | J25: =IFERROR(__xludf.DUMMYFUNCTION("""COMPUTED_VALUE"""),246.89) -> 246.89 | K25: =IFERROR(__xludf.DUMMYFUNCTION("""COMPUTED_VALUE"""),130.21) -> 130.21 | L25: =IFERROR(__xludf.DUMMYFUNCTION("""COMPUTED_VALUE"""),89.44) -> 89.44 | M25: =IFERROR(__xludf.DUMMYFUNCTION("""COMPUTED_VALUE"""),59.66) -> 59.66 | N25: =IFERROR(__xludf.DUMMYFUNCTION("""COMPUTED_VALUE"""),63.64) -> 63.64 | O25: =IFERROR(__xludf.DUMMYFUNCTION("""COMPUTED_VALUE"""),62.6) -> 62.6 | P25: =IFERROR(__xludf.DUMMYFUNCTION("""COMPUTED_VALUE"""),67.84) -> 67.84 | Q25: =IFERROR(__xludf.DUMMYFUNCTION("""COMPUTED_VALUE"""),93.75) -> 93.75 | R25: =IFERROR(__xludf.DUMMYFUNCTION("""COMPUTED_VALUE"""),84.52) -> 84.52 | S25: =IFERROR(__xludf.DUMMYFUNCTION("""COMPUTED_VALUE"""),43.82) -> 43.82 | T25: =IFERROR(__xludf.DUMMYFUNCTION("""COMPUTED_VALUE"""),22.65) -> 22.65 | U25: =IFERROR(__xludf.DUMMYFUNCTION("""COMPUTED_VALUE"""),63.51) -> 63.51 | V25: =IFERROR(__xludf.DUMMYFUNCTION("""COMPUTED_VALUE"""),61.44) -> 61.44 | W25: =IFERROR(__xludf.DUMMYFUNCTION("""COMPUTED_VALUE"""),39.43) -> 39.43 | X25: =IFERROR(__xludf.DUMMYFUNCTION("""COMPUTED_VALUE"""),96.65) -> 96.65 | Y25: =IFERROR(__xludf.DUMMYFUNCTION("""COMPUTED_VALUE"""),55.38) -> 55.38 | Z25: =IFERROR(__xludf.DUMMYFUNCTION("""COMPUTED_VALUE"""),87.03) -> 87.03 | AA25: =IFERROR(__xludf.DUMMYFUNCTION("""COMPUTED_VALUE"""),47.34) -> 47.34 | AB25: =IFERROR(__xludf.DUMMYFUNCTION("""COMPUTED_VALUE"""),72.07) -> 72.07 | AC25: =IFERROR(__xludf.DUMMYFUNCTION("""COMPUTED_VALUE"""),64.9) -> 64.9 | AD25: =IFERROR(__xludf.DUMMYFUNCTION("""COMPUTED_VALUE"""),14.12) -> 14.12 | AE25: =IFERROR(__xludf.DUMMYFUNCTION("""COMPUTED_VALUE"""),22.84) -> 22.84 | AF25: =IFERROR(__xludf.DUMMYFUNCTION("""COMPUTED_VALUE"""),5.62) -> 5.62 | AG25: =IFERROR(__xludf.DUMMYFUNCTION("""COMPUTED_VALUE"""),62.32) -> 62.32
A26: =IFERROR(__xludf.DUMMYFUNCTION("""COMPUTED_VALUE"""),44596.6666666666) -> 44596.667 | B26: =IFERROR(__xludf.DUMMYFUNCTION("""COMPUTED_VALUE"""),159.6) -> 159.6 | C26: =IFERROR(__xludf.DUMMYFUNCTION("""COMPUTED_VALUE"""),416.08) -> 416.08 | D26: =IFERROR(__xludf.DUMMYFUNCTION("""COMPUTED_VALUE"""),103.8) -> 103.8 | E26: =IFERROR(__xludf.DUMMYFUNCTION("""COMPUTED_VALUE"""),158.94) -> 158.94 | F26: =IFERROR(__xludf.DUMMYFUNCTION("""COMPUTED_VALUE"""),54.85) -> 54.85 | G26: =IFERROR(__xludf.DUMMYFUNCTION("""COMPUTED_VALUE"""),29.16) -> 29.16 | H26: =IFERROR(__xludf.DUMMYFUNCTION("""COMPUTED_VALUE"""),29.57) -> 29.57 | I26: =IFERROR(__xludf.DUMMYFUNCTION("""COMPUTED_VALUE"""),132.3) -> 132.3 | J26: =IFERROR(__xludf.DUMMYFUNCTION("""COMPUTED_VALUE"""),246.44) -> 246.44 | K26: =IFERROR(__xludf.DUMMYFUNCTION("""COMPUTED_VALUE"""),130.63) -> 130.63 | L26: =IFERROR(__xludf.DUMMYFUNCTION("""COMPUTED_VALUE"""),90.79) -> 90.79 | M26: =IFERROR(__xludf.DUMMYFUNCTION("""COMPUTED_VALUE"""),60.02) -> 60.02 | N26: =IFERROR(__xludf.DUMMYFUNCTION("""COMPUTED_VALUE"""),63.51) -> 63.51 | O26: =IFERROR(__xludf.DUMMYFUNCTION("""COMPUTED_VALUE"""),63.52) -> 63.52 | P26: =IFERROR(__xludf.DUMMYFUNCTION("""COMPUTED_VALUE"""),68.9) -> 68.9 | Q26: =IFERROR(__xludf.DUMMYFUNCTION("""COMPUTED_VALUE"""),95.18) -> 95.18 | R26: =IFERROR(__xludf.DUMMYFUNCTION("""COMPUTED_VALUE"""),83.12) -> 83.12 | S26: =IFERROR(__xludf.DUMMYFUNCTION("""COMPUTED_VALUE"""),44.26) -> 44.26 | T26: =IFERROR(__xludf.DUMMYFUNCTION("""COMPUTED_VALUE"""),22.83) -> 22.83 | U26: =IFERROR(__xludf.DUMMYFUNCTION("""COMPUTED_VALUE"""),64.91) -> 64.91 | V26: =IFERROR(__xludf.DUMMYFUNCTION("""COMPUTED_VALUE"""),63.41) -> 63.41 | W26: =IFERROR(__xludf.DUMMYFUNCTION("""COMPUTED_VALUE"""),40.1) -> 40.1 | X26: =IFERROR(__xludf.DUMMYFUNCTION("""COMPUTED_VALUE"""),98.23) -> 98.23 | Y26: =IFERROR(__xludf.DUMMYFUNCTION("""COMPUTED_VALUE"""),56.37) -> 56.37 | Z26: =IFERROR(__xludf.DUMMYFUNCTION("""COMPUTED_VALUE"""),88.47) -> 88.47 | AA26: =IFERROR(__xludf.DUMMYFUNCTION("""COMPUTED_VALUE"""),46.69) -> 46.69 | AB26: =IFERROR(__xludf.DUMMYFUNCTION("""COMPUTED_VALUE"""),73.45) -> 73.45 | AC26: =IFERROR(__xludf.DUMMYFUNCTION("""COMPUTED_VALUE"""),65.84) -> 65.84 | AD26: =IFERROR(__xludf.DUMMYFUNCTION("""COMPUTED_VALUE"""),15.83) -> 15.83 | AE26: =IFERROR(__xludf.DUMMYFUNCTION("""COMPUTED_VALUE"""),25.56) -> 25.56 | AF26: =IFERROR(__xludf.DUMMYFUNCTION("""COMPUTED_VALUE"""),6.2) -> 6.2 | AG26: =IFERROR(__xludf.DUMMYFUNCTION("""COMPUTED_VALUE"""),67.92) -> 67.92
A27: =IFERROR(__xludf.DUMMYFUNCTION("""COMPUTED_VALUE"""),44599.6666666666) -> 44599.667 | B27: =IFERROR(__xludf.DUMMYFUNCTION("""COMPUTED_VALUE"""),158.54) -> 158.54 | C27: =IFERROR(__xludf.DUMMYFUNCTION("""COMPUTED_VALUE"""),414.04) -> 414.04 | D27: =IFERROR(__xludf.DUMMYFUNCTION("""COMPUTED_VALUE"""),102.86) -> 102.86 | E27: =IFERROR(__xludf.DUMMYFUNCTION("""COMPUTED_VALUE"""),158.85) -> 158.85 | F27: =IFERROR(__xludf.DUMMYFUNCTION("""COMPUTED_VALUE"""),55.06) -> 55.06 | G27: =IFERROR(__xludf.DUMMYFUNCTION("""COMPUTED_VALUE"""),29.16) -> 29.16 | H27: =IFERROR(__xludf.DUMMYFUNCTION("""COMPUTED_VALUE"""),29.62) -> 29.62 | I27: =IFERROR(__xludf.DUMMYFUNCTION("""COMPUTED_VALUE"""),132.07) -> 132.07 | J27: =IFERROR(__xludf.DUMMYFUNCTION("""COMPUTED_VALUE"""),246.28) -> 246.28 | K27: =IFERROR(__xludf.DUMMYFUNCTION("""COMPUTED_VALUE"""),131.64) -> 131.64 | L27: =IFERROR(__xludf.DUMMYFUNCTION("""COMPUTED_VALUE"""),93.25) -> 93.25 | M27: =IFERROR(__xludf.DUMMYFUNCTION("""COMPUTED_VALUE"""),60.74) -> 60.74 | N27: =IFERROR(__xludf.DUMMYFUNCTION("""COMPUTED_VALUE"""),63.46) -> 63.46 | O27: =IFERROR(__xludf.DUMMYFUNCTION("""COMPUTED_VALUE"""),64.88) -> 64.88 | P27: =IFERROR(__xludf.DUMMYFUNCTION("""COMPUTED_VALUE"""),69.78) -> 69.78 | Q27: =IFERROR(__xludf.DUMMYFUNCTION("""COMPUTED_VALUE"""),96.21) -> 96.21 | R27: =IFERROR(__xludf.DUMMYFUNCTION("""COMPUTED_VALUE"""),82.71) -> 82.71 | S27: =IFERROR(__xludf.DUMMYFUNCTION("""COMPUTED_VALUE"""),44.57) -> 44.57 | T27: =IFERROR(__xludf.DUMMYFUNCTION("""COMPUTED_VALUE"""),22.88) -> 22.88 | U27: =IFERROR(__xludf.DUMMYFUNCTION("""COMPUTED_VALUE"""),64.68) -> 64.68 | V27: =IFERROR(__xludf.DUMMYFUNCTION("""COMPUTED_VALUE"""),62.89) -> 62.89 | W27: =IFERROR(__xludf.DUMMYFUNCTION("""COMPUTED_VALUE"""),40.22) -> 40.22 | X27: =IFERROR(__xludf.DUMMYFUNCTION("""COMPUTED_VALUE"""),98.6) -> 98.6 | Y27: =IFERROR(__xludf.DUMMYFUNCTION("""COMPUTED_VALUE"""),56.7) -> 56.7 | Z27: =IFERROR(__xludf.DUMMYFUNCTION("""COMPUTED_VALUE"""),88.68) -> 88.68 | AA27: =IFERROR(__xludf.DUMMYFUNCTION("""COMPUTED_VALUE"""),46.7) -> 46.7 | AB27: =IFERROR(__xludf.DUMMYFUNCTION("""COMPUTED_VALUE"""),73.8) -> 73.8 | AC27: =IFERROR(__xludf.DUMMYFUNCTION("""COMPUTED_VALUE"""),65.88) -> 65.88 | AD27: =IFERROR(__xludf.DUMMYFUNCTION("""COMPUTED_VALUE"""),17.22) -> 17.22 | AE27: =IFERROR(__xludf.DUMMYFUNCTION("""COMPUTED_VALUE"""),27.83) -> 27.83 | AF27: =IFERROR(__xludf.DUMMYFUNCTION("""COMPUTED_VALUE"""),6.31) -> 6.31 | AG27: =IFERROR(__xludf.DUMMYFUNCTION("""COMPUTED_VALUE"""),72.52) -> 72.52
A28: =IFERROR(__xludf.DUMMYFUNCTION("""COMPUTED_VALUE"""),44600.6666666666) -> 44600.667 | B28: =IFERROR(__xludf.DUMMYFUNCTION("""COMPUTED_VALUE"""),160.5) -> 160.5 | C28: =IFERROR(__xludf.DUMMYFUNCTION("""COMPUTED_VALUE"""),419.38) -> 419.38 | D28: =IFERROR(__xludf.DUMMYFUNCTION("""COMPUTED_VALUE"""),104.08) -> 104.08 | E28: =IFERROR(__xludf.DUMMYFUNCTION("""COMPUTED_VALUE"""),162.87) -> 162.87 | F28: =IFERROR(__xludf.DUMMYFUNCTION("""COMPUTED_VALUE"""),55.73) -> 55.73 | G28: =IFERROR(__xludf.DUMMYFUNCTION("""COMPUTED_VALUE"""),29.47) -> 29.47 | H28: =IFERROR(__xludf.DUMMYFUNCTION("""COMPUTED_VALUE"""),29.97) -> 29.97 | I28: =IFERROR(__xludf.DUMMYFUNCTION("""COMPUTED_VALUE"""),133.15) -> 133.15 | J28: =IFERROR(__xludf.DUMMYFUNCTION("""COMPUTED_VALUE"""),248.31) -> 248.31 | K28: =IFERROR(__xludf.DUMMYFUNCTION("""COMPUTED_VALUE"""),131.55) -> 131.55 | L28: =IFERROR(__xludf.DUMMYFUNCTION("""COMPUTED_VALUE"""),92.94) -> 92.94 | M28: =IFERROR(__xludf.DUMMYFUNCTION("""COMPUTED_VALUE"""),60.81) -> 60.81 | N28: =IFERROR(__xludf.DUMMYFUNCTION("""COMPUTED_VALUE"""),64.01) -> 64.01 | O28: =IFERROR(__xludf.DUMMYFUNCTION("""COMPUTED_VALUE"""),64.28) -> 64.28 | P28: =IFERROR(__xludf.DUMMYFUNCTION("""COMPUTED_VALUE"""),68.28) -> 68.28 | Q28: =IFERROR(__xludf.DUMMYFUNCTION("""COMPUTED_VALUE"""),94.18) -> 94.18 | R28: =IFERROR(__xludf.DUMMYFUNCTION("""COMPUTED_VALUE"""),83.99) -> 83.99 | S28: =IFERROR(__xludf.DUMMYFUNCTION("""COMPUTED_VALUE"""),46.31) -> 46.31 | T28: =IFERROR(__xludf.DUMMYFUNCTION("""COMPUTED_VALUE"""),22.68) -> 22.68 | U28: =IFERROR(__xludf.DUMMYFUNCTION("""COMPUTED_VALUE"""),63.62) -> 63.62 | V28: =IFERROR(__xludf.DUMMYFUNCTION("""COMPUTED_VALUE"""),63.8) -> 63.8 | W28: =IFERROR(__xludf.DUMMYFUNCTION("""COMPUTED_VALUE"""),40.78) -> 40.78 | X28: =IFERROR(__xludf.DUMMYFUNCTION("""COMPUTED_VALUE"""),99.87) -> 99.87 | Y28: =IFERROR(__xludf.DUMMYFUNCTION("""COMPUTED_VALUE"""),58.15) -> 58.15 | Z28: =IFERROR(__xludf.DUMMYFUNCTION("""COMPUTED_VALUE"""),89.71) -> 89.71 | AA28: =IFERROR(__xludf.DUMMYFUNCTION("""COMPUTED_VALUE"""),46.28) -> 46.28 | AB28: =IFERROR(__xludf.DUMMYFUNCTION("""COMPUTED_VALUE"""),75.63) -> 75.63 | AC28: =IFERROR(__xludf.DUMMYFUNCTION("""COMPUTED_VALUE"""),66.58) -> 66.58 | AD28: =IFERROR(__xludf.DUMMYFUNCTION("""COMPUTED_VALUE"""),17.27) -> 17.27 | AE28: =IFERROR(__xludf.DUMMYFUNCTION("""COMPUTED_VALUE"""),27.92) -> 27.92 | AF28: =IFERROR(__xludf.DUMMYFUNCTION("""COMPUTED_VALUE"""),6.29) -> 6.29 | AG28: =IFERROR(__xludf.DUMMYFUNCTION("""COMPUTED_VALUE"""),72.96) -> 72.96
A29: =IFERROR(__xludf.DUMMYFUNCTION("""COMPUTED_VALUE"""),44601.6666666666) -> 44601.667 | B29: =IFERROR(__xludf.DUMMYFUNCTION("""COMPUTED_VALUE"""),164.06) -> 164.06 | C29: =IFERROR(__xludf.DUMMYFUNCTION("""COMPUTED_VALUE"""),429.68) -> 429.68 | D29: =IFERROR(__xludf.DUMMYFUNCTION("""COMPUTED_VALUE"""),106.68) -> 106.68 | E29: =IFERROR(__xludf.DUMMYFUNCTION("""COMPUTED_VALUE"""),168.21) -> 168.21 | F29: =IFERROR(__xludf.DUMMYFUNCTION("""COMPUTED_VALUE"""),56.9) -> 56.9 | G29: =IFERROR(__xludf.DUMMYFUNCTION("""COMPUTED_VALUE"""),30.48) -> 30.48 | H29: =IFERROR(__xludf.DUMMYFUNCTION("""COMPUTED_VALUE"""),30.91) -> 30.91 | I29: =IFERROR(__xludf.DUMMYFUNCTION("""COMPUTED_VALUE"""),134.18) -> 134.18 | J29: =IFERROR(__xludf.DUMMYFUNCTION("""COMPUTED_VALUE"""),251.3) -> 251.3 | K29: =IFERROR(__xludf.DUMMYFUNCTION("""COMPUTED_VALUE"""),135.1) -> 135.1 | L29: =IFERROR(__xludf.DUMMYFUNCTION("""COMPUTED_VALUE"""),97.26) -> 97.26 | M29: =IFERROR(__xludf.DUMMYFUNCTION("""COMPUTED_VALUE"""),62.53) -> 62.53 | N29: =IFERROR(__xludf.DUMMYFUNCTION("""COMPUTED_VALUE"""),64.7) -> 64.7 | O29: =IFERROR(__xludf.DUMMYFUNCTION("""COMPUTED_VALUE"""),67.04) -> 67.04 | P29: =IFERROR(__xludf.DUMMYFUNCTION("""COMPUTED_VALUE"""),68.85) -> 68.85 | Q29: =IFERROR(__xludf.DUMMYFUNCTION("""COMPUTED_VALUE"""),95.03) -> 95.03 | R29: =IFERROR(__xludf.DUMMYFUNCTION("""COMPUTED_VALUE"""),85.82) -> 85.82 | S29: =IFERROR(__xludf.DUMMYFUNCTION("""COMPUTED_VALUE"""),47.35) -> 47.35 | T29: =IFERROR(__xludf.DUMMYFUNCTION("""COMPUTED_VALUE"""),22.91) -> 22.91 | U29: =IFERROR(__xludf.DUMMYFUNCTION("""COMPUTED_VALUE"""),64.17) -> 64.17 | V29: =IFERROR(__xludf.DUMMYFUNCTION("""COMPUTED_VALUE"""),66.83) -> 66.83 | W29: =IFERROR(__xludf.DUMMYFUNCTION("""COMPUTED_VALUE"""),41.04) -> 41.04 | X29: =IFERROR(__xludf.DUMMYFUNCTION("""COMPUTED_VALUE"""),100.39) -> 100.39 | Y29: =IFERROR(__xludf.DUMMYFUNCTION("""COMPUTED_VALUE"""),57.76) -> 57.76 | Z29: =IFERROR(__xludf.DUMMYFUNCTION("""COMPUTED_VALUE"""),90.3) -> 90.3 | AA29: =IFERROR(__xludf.DUMMYFUNCTION("""COMPUTED_VALUE"""),47.4) -> 47.4 | AB29: =IFERROR(__xludf.DUMMYFUNCTION("""COMPUTED_VALUE"""),74.99) -> 74.99 | AC29: =IFERROR(__xludf.DUMMYFUNCTION("""COMPUTED_VALUE"""),67.2) -> 67.2 | AD29: =IFERROR(__xludf.DUMMYFUNCTION("""COMPUTED_VALUE"""),17.48) -> 17.48 | AE29: =IFERROR(__xludf.DUMMYFUNCTION("""COMPUTED_VALUE"""),28.23) -> 28.23 | AF29: =IFERROR(__xludf.DUMMYFUNCTION("""COMPUTED_VALUE"""),6.59) -> 6.59 | AG29: =IFERROR(__xludf.DUMMYFUNCTION("""COMPUTED_VALUE"""),76.92) -> 76.92
A30: =IFERROR(__xludf.DUMMYFUNCTION("""COMPUTED_VALUE"""),44602.6666666666) -> 44602.667 | B30: =IFERROR(__xludf.DUMMYFUNCTION("""COMPUTED_VALUE"""),159.77) -> 159.77 | C30: =IFERROR(__xludf.DUMMYFUNCTION("""COMPUTED_VALUE"""),419.19) -> 419.19 | D30: =IFERROR(__xludf.DUMMYFUNCTION("""COMPUTED_VALUE"""),104.14) -> 104.14 | E30: =IFERROR(__xludf.DUMMYFUNCTION("""COMPUTED_VALUE"""),162.97) -> 162.97 | F30: =IFERROR(__xludf.DUMMYFUNCTION("""COMPUTED_VALUE"""),56.51) -> 56.51 | G30: =IFERROR(__xludf.DUMMYFUNCTION("""COMPUTED_VALUE"""),29.81) -> 29.81 | H30: =IFERROR(__xludf.DUMMYFUNCTION("""COMPUTED_VALUE"""),30.44) -> 30.44 | I30: =IFERROR(__xludf.DUMMYFUNCTION("""COMPUTED_VALUE"""),132.08) -> 132.08 | J30: =IFERROR(__xludf.DUMMYFUNCTION("""COMPUTED_VALUE"""),247.37) -> 247.37 | K30: =IFERROR(__xludf.DUMMYFUNCTION("""COMPUTED_VALUE"""),131.8) -> 131.8 | L30: =IFERROR(__xludf.DUMMYFUNCTION("""COMPUTED_VALUE"""),94.36) -> 94.36 | M30: =IFERROR(__xludf.DUMMYFUNCTION("""COMPUTED_VALUE"""),61.38) -> 61.38 | N30: =IFERROR(__xludf.DUMMYFUNCTION("""COMPUTED_VALUE"""),63.68) -> 63.68 | O30: =IFERROR(__xludf.DUMMYFUNCTION("""COMPUTED_VALUE"""),65.16) -> 65.16 | P30: =IFERROR(__xludf.DUMMYFUNCTION("""COMPUTED_VALUE"""),68.42) -> 68.42 | Q30: =IFERROR(__xludf.DUMMYFUNCTION("""COMPUTED_VALUE"""),94.5) -> 94.5 | R30: =IFERROR(__xludf.DUMMYFUNCTION("""COMPUTED_VALUE"""),85.32) -> 85.32 | S30: =IFERROR(__xludf.DUMMYFUNCTION("""COMPUTED_VALUE"""),47.31) -> 47.31 | T30: =IFERROR(__xludf.DUMMYFUNCTION("""COMPUTED_VALUE"""),22.79) -> 22.79 | U30: =IFERROR(__xludf.DUMMYFUNCTION("""COMPUTED_VALUE"""),63.96) -> 63.96 | V30: =IFERROR(__xludf.DUMMYFUNCTION("""COMPUTED_VALUE"""),65.05) -> 65.05 | W30: =IFERROR(__xludf.DUMMYFUNCTION("""COMPUTED_VALUE"""),40.68) -> 40.68 | X30: =IFERROR(__xludf.DUMMYFUNCTION("""COMPUTED_VALUE"""),99.59) -> 99.59 | Y30: =IFERROR(__xludf.DUMMYFUNCTION("""COMPUTED_VALUE"""),57.65) -> 57.65 | Z30: =IFERROR(__xludf.DUMMYFUNCTION("""COMPUTED_VALUE"""),89.49) -> 89.49 | AA30: =IFERROR(__xludf.DUMMYFUNCTION("""COMPUTED_VALUE"""),46.05) -> 46.05 | AB30: =IFERROR(__xludf.DUMMYFUNCTION("""COMPUTED_VALUE"""),74.81) -> 74.81 | AC30: =IFERROR(__xludf.DUMMYFUNCTION("""COMPUTED_VALUE"""),66.5) -> 66.5 | AD30: =IFERROR(__xludf.DUMMYFUNCTION("""COMPUTED_VALUE"""),17.21) -> 17.21 | AE30: =IFERROR(__xludf.DUMMYFUNCTION("""COMPUTED_VALUE"""),27.74) -> 27.74 | AF30: =IFERROR(__xludf.DUMMYFUNCTION("""COMPUTED_VALUE"""),6.4) -> 6.4 | AG30: =IFERROR(__xludf.DUMMYFUNCTION("""COMPUTED_VALUE"""),75.08) -> 75.08
A31: =IFERROR(__xludf.DUMMYFUNCTION("""COMPUTED_VALUE"""),44603.6666666666) -> 44603.667 | B31: =IFERROR(__xludf.DUMMYFUNCTION("""COMPUTED_VALUE"""),154.89) -> 154.89 | C31: =IFERROR(__xludf.DUMMYFUNCTION("""COMPUTED_VALUE"""),405.96) -> 405.96 | D31: =IFERROR(__xludf.DUMMYFUNCTION("""COMPUTED_VALUE"""),100.64) -> 100.64 | E31: =IFERROR(__xludf.DUMMYFUNCTION("""COMPUTED_VALUE"""),154.67) -> 154.67 | F31: =IFERROR(__xludf.DUMMYFUNCTION("""COMPUTED_VALUE"""),55.39) -> 55.39 | G31: =IFERROR(__xludf.DUMMYFUNCTION("""COMPUTED_VALUE"""),28.94) -> 28.94 | H31: =IFERROR(__xludf.DUMMYFUNCTION("""COMPUTED_VALUE"""),29.74) -> 29.74 | I31: =IFERROR(__xludf.DUMMYFUNCTION("""COMPUTED_VALUE"""),130.25) -> 130.25 | J31: =IFERROR(__xludf.DUMMYFUNCTION("""COMPUTED_VALUE"""),243.78) -> 243.78 | K31: =IFERROR(__xludf.DUMMYFUNCTION("""COMPUTED_VALUE"""),130.07) -> 130.07 | L31: =IFERROR(__xludf.DUMMYFUNCTION("""COMPUTED_VALUE"""),93.35) -> 93.35 | M31: =IFERROR(__xludf.DUMMYFUNCTION("""COMPUTED_VALUE"""),61.22) -> 61.22 | N31: =IFERROR(__xludf.DUMMYFUNCTION("""COMPUTED_VALUE"""),62.9) -> 62.9 | O31: =IFERROR(__xludf.DUMMYFUNCTION("""COMPUTED_VALUE"""),63.64) -> 63.64 | P31: =IFERROR(__xludf.DUMMYFUNCTION("""COMPUTED_VALUE"""),70.41) -> 70.41 | Q31: =IFERROR(__xludf.DUMMYFUNCTION("""COMPUTED_VALUE"""),97.22) -> 97.22 | R31: =IFERROR(__xludf.DUMMYFUNCTION("""COMPUTED_VALUE"""),84) -> 84 | S31: =IFERROR(__xludf.DUMMYFUNCTION("""COMPUTED_VALUE"""),48.4) -> 48.4 | T31: =IFERROR(__xludf.DUMMYFUNCTION("""COMPUTED_VALUE"""),23.13) -> 23.13 | U31: =IFERROR(__xludf.DUMMYFUNCTION("""COMPUTED_VALUE"""),65.74) -> 65.74 | V31: =IFERROR(__xludf.DUMMYFUNCTION("""COMPUTED_VALUE"""),62.58) -> 62.58 | W31: =IFERROR(__xludf.DUMMYFUNCTION("""COMPUTED_VALUE"""),40.11) -> 40.11 | X31: =IFERROR(__xludf.DUMMYFUNCTION("""COMPUTED_VALUE"""),98.06) -> 98.06 | Y31: =IFERROR(__xludf.DUMMYFUNCTION("""COMPUTED_VALUE"""),57.29) -> 57.29 | Z31: =IFERROR(__xludf.DUMMYFUNCTION("""COMPUTED_VALUE"""),87.98) -> 87.98 | AA31: =IFERROR(__xludf.DUMMYFUNCTION("""COMPUTED_VALUE"""),45.42) -> 45.42 | AB31: =IFERROR(__xludf.DUMMYFUNCTION("""COMPUTED_VALUE"""),74.19) -> 74.19 | AC31: =IFERROR(__xludf.DUMMYFUNCTION("""COMPUTED_VALUE"""),65.31) -> 65.31 | AD31: =IFERROR(__xludf.DUMMYFUNCTION("""COMPUTED_VALUE"""),16.53) -> 16.53 | AE31: =IFERROR(__xludf.DUMMYFUNCTION("""COMPUTED_VALUE"""),26.65) -> 26.65 | AF31: =IFERROR(__xludf.DUMMYFUNCTION("""COMPUTED_VALUE"""),6.22) -> 6.22 | AG31: =IFERROR(__xludf.DUMMYFUNCTION("""COMPUTED_VALUE"""),70.52) -> 70.52
A32: =IFERROR(__xludf.DUMMYFUNCTION("""COMPUTED_VALUE"""),44606.6666666666) -> 44606.667 | B32: =IFERROR(__xludf.DUMMYFUNCTION("""COMPUTED_VALUE"""),154.84) -> 154.84 | C32: =IFERROR(__xludf.DUMMYFUNCTION("""COMPUTED_VALUE"""),405.89) -> 405.89 | D32: =IFERROR(__xludf.DUMMYFUNCTION("""COMPUTED_VALUE"""),100.66) -> 100.66 | E32: =IFERROR(__xludf.DUMMYFUNCTION("""COMPUTED_VALUE"""),154.82) -> 154.82 | F32: =IFERROR(__xludf.DUMMYFUNCTION("""COMPUTED_VALUE"""),55.22) -> 55.22 | G32: =IFERROR(__xludf.DUMMYFUNCTION("""COMPUTED_VALUE"""),28.86) -> 28.86 | H32: =IFERROR(__xludf.DUMMYFUNCTION("""COMPUTED_VALUE"""),29.55) -> 29.55 | I32: =IFERROR(__xludf.DUMMYFUNCTION("""COMPUTED_VALUE"""),128.92) -> 128.92 | J32: =IFERROR(__xludf.DUMMYFUNCTION("""COMPUTED_VALUE"""),241.33) -> 241.33 | K32: =IFERROR(__xludf.DUMMYFUNCTION("""COMPUTED_VALUE"""),127.68) -> 127.68 | L32: =IFERROR(__xludf.DUMMYFUNCTION("""COMPUTED_VALUE"""),91.81) -> 91.81 | M32: =IFERROR(__xludf.DUMMYFUNCTION("""COMPUTED_VALUE"""),60.37) -> 60.37 | N32: =IFERROR(__xludf.DUMMYFUNCTION("""COMPUTED_VALUE"""),62.16) -> 62.16 | O32: =IFERROR(__xludf.DUMMYFUNCTION("""COMPUTED_VALUE"""),62.72) -> 62.72 | P32: =IFERROR(__xludf.DUMMYFUNCTION("""COMPUTED_VALUE"""),68.75) -> 68.75 | Q32: =IFERROR(__xludf.DUMMYFUNCTION("""COMPUTED_VALUE"""),95.11) -> 95.11 | R32: =IFERROR(__xludf.DUMMYFUNCTION("""COMPUTED_VALUE"""),83.31) -> 83.31 | S32: =IFERROR(__xludf.DUMMYFUNCTION("""COMPUTED_VALUE"""),48.83) -> 48.83 | T32: =IFERROR(__xludf.DUMMYFUNCTION("""COMPUTED_VALUE"""),23.25) -> 23.25 | U32: =IFERROR(__xludf.DUMMYFUNCTION("""COMPUTED_VALUE"""),66.36) -> 66.36 | V32: =IFERROR(__xludf.DUMMYFUNCTION("""COMPUTED_VALUE"""),61.73) -> 61.73 | W32: =IFERROR(__xludf.DUMMYFUNCTION("""COMPUTED_VALUE"""),39.66) -> 39.66 | X32: =IFERROR(__xludf.DUMMYFUNCTION("""COMPUTED_VALUE"""),97.01) -> 97.01 | Y32: =IFERROR(__xludf.DUMMYFUNCTION("""COMPUTED_VALUE"""),56.79) -> 56.79 | Z32: =IFERROR(__xludf.DUMMYFUNCTION("""COMPUTED_VALUE"""),86.98) -> 86.98 | AA32: =IFERROR(__xludf.DUMMYFUNCTION("""COMPUTED_VALUE"""),44.93) -> 44.93 | AB32: =IFERROR(__xludf.DUMMYFUNCTION("""COMPUTED_VALUE"""),73.61) -> 73.61 | AC32: =IFERROR(__xludf.DUMMYFUNCTION("""COMPUTED_VALUE"""),64.84) -> 64.84 | AD32: =IFERROR(__xludf.DUMMYFUNCTION("""COMPUTED_VALUE"""),16.44) -> 16.44 | AE32: =IFERROR(__xludf.DUMMYFUNCTION("""COMPUTED_VALUE"""),26.53) -> 26.53 | AF32: =IFERROR(__xludf.DUMMYFUNCTION("""COMPUTED_VALUE"""),6.23) -> 6.23 | AG32: =IFERROR(__xludf.DUMMYFUNCTION("""COMPUTED_VALUE"""),69.22) -> 69.22
A33: =IFERROR(__xludf.DUMMYFUNCTION("""COMPUTED_VALUE"""),44607.6666666666) -> 44607.667 | B33: =IFERROR(__xludf.DUMMYFUNCTION("""COMPUTED_VALUE"""),158.91) -> 158.91 | C33: =IFERROR(__xludf.DUMMYFUNCTION("""COMPUTED_VALUE"""),417.58) -> 417.58 | D33: =IFERROR(__xludf.DUMMYFUNCTION("""COMPUTED_VALUE"""),103.43) -> 103.43 | E33: =IFERROR(__xludf.DUMMYFUNCTION("""COMPUTED_VALUE"""),163.36) -> 163.36 | F33: =IFERROR(__xludf.DUMMYFUNCTION("""COMPUTED_VALUE"""),56.13) -> 56.13 | G33: =IFERROR(__xludf.DUMMYFUNCTION("""COMPUTED_VALUE"""),30.02) -> 30.02 | H33: =IFERROR(__xludf.DUMMYFUNCTION("""COMPUTED_VALUE"""),30.53) -> 30.53 | I33: =IFERROR(__xludf.DUMMYFUNCTION("""COMPUTED_VALUE"""),130.37) -> 130.37 | J33: =IFERROR(__xludf.DUMMYFUNCTION("""COMPUTED_VALUE"""),244.65) -> 244.65 | K33: =IFERROR(__xludf.DUMMYFUNCTION("""COMPUTED_VALUE"""),129.98) -> 129.98 | L33: =IFERROR(__xludf.DUMMYFUNCTION("""COMPUTED_VALUE"""),95.64) -> 95.64 | M33: =IFERROR(__xludf.DUMMYFUNCTION("""COMPUTED_VALUE"""),61.51) -> 61.51 | N33: =IFERROR(__xludf.DUMMYFUNCTION("""COMPUTED_VALUE"""),63.02) -> 63.02 | O33: =IFERROR(__xludf.DUMMYFUNCTION("""COMPUTED_VALUE"""),65.24) -> 65.24 | P33: =IFERROR(__xludf.DUMMYFUNCTION("""COMPUTED_VALUE"""),68.03) -> 68.03 | Q33: =IFERROR(__xludf.DUMMYFUNCTION("""COMPUTED_VALUE"""),94.06) -> 94.06 | R33: =IFERROR(__xludf.DUMMYFUNCTION("""COMPUTED_VALUE"""),84.84) -> 84.84 | S33: =IFERROR(__xludf.DUMMYFUNCTION("""COMPUTED_VALUE"""),49.75) -> 49.75 | T33: =IFERROR(__xludf.DUMMYFUNCTION("""COMPUTED_VALUE"""),22.87) -> 22.87 | U33: =IFERROR(__xludf.DUMMYFUNCTION("""COMPUTED_VALUE"""),64.28) -> 64.28 | V33: =IFERROR(__xludf.DUMMYFUNCTION("""COMPUTED_VALUE"""),65.55) -> 65.55 | W33: =IFERROR(__xludf.DUMMYFUNCTION("""COMPUTED_VALUE"""),40.2) -> 40.2 | X33: =IFERROR(__xludf.DUMMYFUNCTION("""COMPUTED_VALUE"""),98.62) -> 98.62 | Y33: =IFERROR(__xludf.DUMMYFUNCTION("""COMPUTED_VALUE"""),58.2) -> 58.2 | Z33: =IFERROR(__xludf.DUMMYFUNCTION("""COMPUTED_VALUE"""),88.29) -> 88.29 | AA33: =IFERROR(__xludf.DUMMYFUNCTION("""COMPUTED_VALUE"""),45.15) -> 45.15 | AB33: =IFERROR(__xludf.DUMMYFUNCTION("""COMPUTED_VALUE"""),75.58) -> 75.58 | AC33: =IFERROR(__xludf.DUMMYFUNCTION("""COMPUTED_VALUE"""),65.94) -> 65.94 | AD33: =IFERROR(__xludf.DUMMYFUNCTION("""COMPUTED_VALUE"""),17.21) -> 17.21 | AE33: =IFERROR(__xludf.DUMMYFUNCTION("""COMPUTED_VALUE"""),27.8) -> 27.8 | AF33: =IFERROR(__xludf.DUMMYFUNCTION("""COMPUTED_VALUE"""),6.53) -> 6.53 | AG33: =IFERROR(__xludf.DUMMYFUNCTION("""COMPUTED_VALUE"""),74.16) -> 74.16
A34: =IFERROR(__xludf.DUMMYFUNCTION("""COMPUTED_VALUE"""),44608.6666666666) -> 44608.667 | B34: =IFERROR(__xludf.DUMMYFUNCTION("""COMPUTED_VALUE"""),158.75) -> 158.75 | C34: =IFERROR(__xludf.DUMMYFUNCTION("""COMPUTED_VALUE"""),416.84) -> 416.84 | D34: =IFERROR(__xludf.DUMMYFUNCTION("""COMPUTED_VALUE"""),103.17) -> 103.17 | E34: =IFERROR(__xludf.DUMMYFUNCTION("""COMPUTED_VALUE"""),163.42) -> 163.42 | F34: =IFERROR(__xludf.DUMMYFUNCTION("""COMPUTED_VALUE"""),55.82) -> 55.82 | G34: =IFERROR(__xludf.DUMMYFUNCTION("""COMPUTED_VALUE"""),30.47) -> 30.47 | H34: =IFERROR(__xludf.DUMMYFUNCTION("""COMPUTED_VALUE"""),30.23) -> 30.23 | I34: =IFERROR(__xludf.DUMMYFUNCTION("""COMPUTED_VALUE"""),130.57) -> 130.57 | J34: =IFERROR(__xludf.DUMMYFUNCTION("""COMPUTED_VALUE"""),244.52) -> 244.52 | K34: =IFERROR(__xludf.DUMMYFUNCTION("""COMPUTED_VALUE"""),129.91) -> 129.91 | L34: =IFERROR(__xludf.DUMMYFUNCTION("""COMPUTED_VALUE"""),94.65) -> 94.65 | M34: =IFERROR(__xludf.DUMMYFUNCTION("""COMPUTED_VALUE"""),61.53) -> 61.53 | N34: =IFERROR(__xludf.DUMMYFUNCTION("""COMPUTED_VALUE"""),63.04) -> 63.04 | O34: =IFERROR(__xludf.DUMMYFUNCTION("""COMPUTED_VALUE"""),64.6) -> 64.6 | P34: =IFERROR(__xludf.DUMMYFUNCTION("""COMPUTED_VALUE"""),68.58) -> 68.58 | Q34: =IFERROR(__xludf.DUMMYFUNCTION("""COMPUTED_VALUE"""),94.69) -> 94.69 | R34: =IFERROR(__xludf.DUMMYFUNCTION("""COMPUTED_VALUE"""),85.46) -> 85.46 | S34: =IFERROR(__xludf.DUMMYFUNCTION("""COMPUTED_VALUE"""),50.01) -> 50.01 | T34: =IFERROR(__xludf.DUMMYFUNCTION("""COMPUTED_VALUE"""),22.9) -> 22.9 | U34: =IFERROR(__xludf.DUMMYFUNCTION("""COMPUTED_VALUE"""),63.54) -> 63.54 | V34: =IFERROR(__xludf.DUMMYFUNCTION("""COMPUTED_VALUE"""),65.66) -> 65.66 | W34: =IFERROR(__xludf.DUMMYFUNCTION("""COMPUTED_VALUE"""),40.23) -> 40.23 | X34: =IFERROR(__xludf.DUMMYFUNCTION("""COMPUTED_VALUE"""),98.7) -> 98.7 | Y34: =IFERROR(__xludf.DUMMYFUNCTION("""COMPUTED_VALUE"""),58.35) -> 58.35 | Z34: =IFERROR(__xludf.DUMMYFUNCTION("""COMPUTED_VALUE"""),88.41) -> 88.41 | AA34: =IFERROR(__xludf.DUMMYFUNCTION("""COMPUTED_VALUE"""),45.27) -> 45.27 | AB34: =IFERROR(__xludf.DUMMYFUNCTION("""COMPUTED_VALUE"""),75.72) -> 75.72 | AC34: =IFERROR(__xludf.DUMMYFUNCTION("""COMPUTED_VALUE"""),66.08) -> 66.08 | AD34: =IFERROR(__xludf.DUMMYFUNCTION("""COMPUTED_VALUE"""),17.21) -> 17.21 | AE34: =IFERROR(__xludf.DUMMYFUNCTION("""COMPUTED_VALUE"""),27.76) -> 27.76 | AF34: =IFERROR(__xludf.DUMMYFUNCTION("""COMPUTED_VALUE"""),6.41) -> 6.41 | AG34: =IFERROR(__xludf.DUMMYFUNCTION("""COMPUTED_VALUE"""),73.4) -> 73.4
A35: =IFERROR(__xludf.DUMMYFUNCTION("""COMPUTED_VALUE"""),44609.6666666666) -> 44609.667 | B35: =IFERROR(__xludf.DUMMYFUNCTION("""COMPUTED_VALUE"""),154) -> 154 | C35: =IFERROR(__xludf.DUMMYFUNCTION("""COMPUTED_VALUE"""),403.13) -> 403.13 | D35: =IFERROR(__xludf.DUMMYFUNCTION("""COMPUTED_VALUE"""),99.47) -> 99.47 | E35: =IFERROR(__xludf.DUMMYFUNCTION("""COMPUTED_VALUE"""),157.28) -> 157.28 | F35: =IFERROR(__xludf.DUMMYFUNCTION("""COMPUTED_VALUE"""),54.26) -> 54.26 | G35: =IFERROR(__xludf.DUMMYFUNCTION("""COMPUTED_VALUE"""),29.46) -> 29.46 | H35: =IFERROR(__xludf.DUMMYFUNCTION("""COMPUTED_VALUE"""),29.37) -> 29.37 | I35: =IFERROR(__xludf.DUMMYFUNCTION("""COMPUTED_VALUE"""),128.47) -> 128.47 | J35: =IFERROR(__xludf.DUMMYFUNCTION("""COMPUTED_VALUE"""),239.95) -> 239.95 | K35: =IFERROR(__xludf.DUMMYFUNCTION("""COMPUTED_VALUE"""),126) -> 126 | L35: =IFERROR(__xludf.DUMMYFUNCTION("""COMPUTED_VALUE"""),90.61) -> 90.61 | M35: =IFERROR(__xludf.DUMMYFUNCTION("""COMPUTED_VALUE"""),59.49) -> 59.49 | N35: =IFERROR(__xludf.DUMMYFUNCTION("""COMPUTED_VALUE"""),61.88) -> 61.88 | O35: =IFERROR(__xludf.DUMMYFUNCTION("""COMPUTED_VALUE"""),61.8) -> 61.8 | P35: =IFERROR(__xludf.DUMMYFUNCTION("""COMPUTED_VALUE"""),68.47) -> 68.47 | Q35: =IFERROR(__xludf.DUMMYFUNCTION("""COMPUTED_VALUE"""),94.5) -> 94.5 | R35: =IFERROR(__xludf.DUMMYFUNCTION("""COMPUTED_VALUE"""),84) -> 84 | S35: =IFERROR(__xludf.DUMMYFUNCTION("""COMPUTED_VALUE"""),49.75) -> 49.75 | T35: =IFERROR(__xludf.DUMMYFUNCTION("""COMPUTED_VALUE"""),23.09) -> 23.09 | U35: =IFERROR(__xludf.DUMMYFUNCTION("""COMPUTED_VALUE"""),64.17) -> 64.17 | V35: =IFERROR(__xludf.DUMMYFUNCTION("""COMPUTED_VALUE"""),63.96) -> 63.96 | W35: =IFERROR(__xludf.DUMMYFUNCTION("""COMPUTED_VALUE"""),39.23) -> 39.23 | X35: =IFERROR(__xludf.DUMMYFUNCTION("""COMPUTED_VALUE"""),96.17) -> 96.17 | Y35: =IFERROR(__xludf.DUMMYFUNCTION("""COMPUTED_VALUE"""),56.52) -> 56.52 | Z35: =IFERROR(__xludf.DUMMYFUNCTION("""COMPUTED_VALUE"""),86.11) -> 86.11 | AA35: =IFERROR(__xludf.DUMMYFUNCTION("""COMPUTED_VALUE"""),44.88) -> 44.88 | AB35: =IFERROR(__xludf.DUMMYFUNCTION("""COMPUTED_VALUE"""),73.41) -> 73.41 | AC35: =IFERROR(__xludf.DUMMYFUNCTION("""COMPUTED_VALUE"""),64.06) -> 64.06 | AD35: =IFERROR(__xludf.DUMMYFUNCTION("""COMPUTED_VALUE"""),15.93) -> 15.93 | AE35: =IFERROR(__xludf.DUMMYFUNCTION("""COMPUTED_VALUE"""),25.7) -> 25.7 | AF35: =IFERROR(__xludf.DUMMYFUNCTION("""COMPUTED_VALUE"""),6) -> 6 | AG35: =IFERROR(__xludf.DUMMYFUNCTION("""COMPUTED_VALUE"""),67.96) -> 67.96
A36: =IFERROR(__xludf.DUMMYFUNCTION("""COMPUTED_VALUE"""),44610.6666666666) -> 44610.667 | B36: =IFERROR(__xludf.DUMMYFUNCTION("""COMPUTED_VALUE"""),152.44) -> 152.44 | C36: =IFERROR(__xludf.DUMMYFUNCTION("""COMPUTED_VALUE"""),398.09) -> 398.09 | D36: =IFERROR(__xludf.DUMMYFUNCTION("""COMPUTED_VALUE"""),98.11) -> 98.11 | E36: =IFERROR(__xludf.DUMMYFUNCTION("""COMPUTED_VALUE"""),155.52) -> 155.52 | F36: =IFERROR(__xludf.DUMMYFUNCTION("""COMPUTED_VALUE"""),53.43) -> 53.43 | G36: =IFERROR(__xludf.DUMMYFUNCTION("""COMPUTED_VALUE"""),28.71) -> 28.71 | H36: =IFERROR(__xludf.DUMMYFUNCTION("""COMPUTED_VALUE"""),28.93) -> 28.93 | I36: =IFERROR(__xludf.DUMMYFUNCTION("""COMPUTED_VALUE"""),127.51) -> 127.51 | J36: =IFERROR(__xludf.DUMMYFUNCTION("""COMPUTED_VALUE"""),238.05) -> 238.05 | K36: =IFERROR(__xludf.DUMMYFUNCTION("""COMPUTED_VALUE"""),125.04) -> 125.04 | L36: =IFERROR(__xludf.DUMMYFUNCTION("""COMPUTED_VALUE"""),89.39) -> 89.39 | M36: =IFERROR(__xludf.DUMMYFUNCTION("""COMPUTED_VALUE"""),59.15) -> 59.15 | N36: =IFERROR(__xludf.DUMMYFUNCTION("""COMPUTED_VALUE"""),61.36) -> 61.36 | O36: =IFERROR(__xludf.DUMMYFUNCTION("""COMPUTED_VALUE"""),60.72) -> 60.72 | P36: =IFERROR(__xludf.DUMMYFUNCTION("""COMPUTED_VALUE"""),68.05) -> 68.05 | Q36: =IFERROR(__xludf.DUMMYFUNCTION("""COMPUTED_VALUE"""),93.86) -> 93.86 | R36: =IFERROR(__xludf.DUMMYFUNCTION("""COMPUTED_VALUE"""),83.86) -> 83.86 | S36: =IFERROR(__xludf.DUMMYFUNCTION("""COMPUTED_VALUE"""),49.4) -> 49.4 | T36: =IFERROR(__xludf.DUMMYFUNCTION("""COMPUTED_VALUE"""),23.18) -> 23.18 | U36: =IFERROR(__xludf.DUMMYFUNCTION("""COMPUTED_VALUE"""),64.74) -> 64.74 | V36: =IFERROR(__xludf.DUMMYFUNCTION("""COMPUTED_VALUE"""),62.48) -> 62.48 | W36: =IFERROR(__xludf.DUMMYFUNCTION("""COMPUTED_VALUE"""),39.22) -> 39.22 | X36: =IFERROR(__xludf.DUMMYFUNCTION("""COMPUTED_VALUE"""),96.1) -> 96.1 | Y36: =IFERROR(__xludf.DUMMYFUNCTION("""COMPUTED_VALUE"""),56.52) -> 56.52 | Z36: =IFERROR(__xludf.DUMMYFUNCTION("""COMPUTED_VALUE"""),85.96) -> 85.96 | AA36: =IFERROR(__xludf.DUMMYFUNCTION("""COMPUTED_VALUE"""),44.68) -> 44.68 | AB36: =IFERROR(__xludf.DUMMYFUNCTION("""COMPUTED_VALUE"""),73.54) -> 73.54 | AC36: =IFERROR(__xludf.DUMMYFUNCTION("""COMPUTED_VALUE"""),63.85) -> 63.85 | AD36: =IFERROR(__xludf.DUMMYFUNCTION("""COMPUTED_VALUE"""),15.57) -> 15.57 | AE36: =IFERROR(__xludf.DUMMYFUNCTION("""COMPUTED_VALUE"""),25.11) -> 25.11 | AF36: =IFERROR(__xludf.DUMMYFUNCTION("""COMPUTED_VALUE"""),5.75) -> 5.75 | AG36: =IFERROR(__xludf.DUMMYFUNCTION("""COMPUTED_VALUE"""),66.16) -> 66.16
A37: =IFERROR(__xludf.DUMMYFUNCTION("""COMPUTED_VALUE"""),44614.6666666666) -> 44614.667 | B37: =IFERROR(__xludf.DUMMYFUNCTION("""COMPUTED_VALUE"""),151.03) -> 151.03 | C37: =IFERROR(__xludf.DUMMYFUNCTION("""COMPUTED_VALUE"""),394.18) -> 394.18 | D37: =IFERROR(__xludf.DUMMYFUNCTION("""COMPUTED_VALUE"""),97.19) -> 97.19 | E37: =IFERROR(__xludf.DUMMYFUNCTION("""COMPUTED_VALUE"""),154.58) -> 154.58 | F37: =IFERROR(__xludf.DUMMYFUNCTION("""COMPUTED_VALUE"""),52.95) -> 52.95 | G37: =IFERROR(__xludf.DUMMYFUNCTION("""COMPUTED_VALUE"""),28.45) -> 28.45 | H37: =IFERROR(__xludf.DUMMYFUNCTION("""COMPUTED_VALUE"""),28.34) -> 28.34 | I37: =IFERROR(__xludf.DUMMYFUNCTION("""COMPUTED_VALUE"""),127.19) -> 127.19 | J37: =IFERROR(__xludf.DUMMYFUNCTION("""COMPUTED_VALUE"""),237.11) -> 237.11 | K37: =IFERROR(__xludf.DUMMYFUNCTION("""COMPUTED_VALUE"""),124.16) -> 124.16 | L37: =IFERROR(__xludf.DUMMYFUNCTION("""COMPUTED_VALUE"""),88.68) -> 88.68 | M37: =IFERROR(__xludf.DUMMYFUNCTION("""COMPUTED_VALUE"""),58.6) -> 58.6 | N37: =IFERROR(__xludf.DUMMYFUNCTION("""COMPUTED_VALUE"""),61.11) -> 61.11 | O37: =IFERROR(__xludf.DUMMYFUNCTION("""COMPUTED_VALUE"""),59.88) -> 59.88 | P37: =IFERROR(__xludf.DUMMYFUNCTION("""COMPUTED_VALUE"""),66.95) -> 66.95 | Q37: =IFERROR(__xludf.DUMMYFUNCTION("""COMPUTED_VALUE"""),92.24) -> 92.24 | R37: =IFERROR(__xludf.DUMMYFUNCTION("""COMPUTED_VALUE"""),82.67) -> 82.67 | S37: =IFERROR(__xludf.DUMMYFUNCTION("""COMPUTED_VALUE"""),48.99) -> 48.99 | T37: =IFERROR(__xludf.DUMMYFUNCTION("""COMPUTED_VALUE"""),23.51) -> 23.51 | U37: =IFERROR(__xludf.DUMMYFUNCTION("""COMPUTED_VALUE"""),65.54) -> 65.54 | V37: =IFERROR(__xludf.DUMMYFUNCTION("""COMPUTED_VALUE"""),60.15) -> 60.15 | W37: =IFERROR(__xludf.DUMMYFUNCTION("""COMPUTED_VALUE"""),39.02) -> 39.02 | X37: =IFERROR(__xludf.DUMMYFUNCTION("""COMPUTED_VALUE"""),95.51) -> 95.51 | Y37: =IFERROR(__xludf.DUMMYFUNCTION("""COMPUTED_VALUE"""),56.09) -> 56.09 | Z37: =IFERROR(__xludf.DUMMYFUNCTION("""COMPUTED_VALUE"""),85.49) -> 85.49 | AA37: =IFERROR(__xludf.DUMMYFUNCTION("""COMPUTED_VALUE"""),44.56) -> 44.56 | AB37: =IFERROR(__xludf.DUMMYFUNCTION("""COMPUTED_VALUE"""),73.17) -> 73.17 | AC37: =IFERROR(__xludf.DUMMYFUNCTION("""COMPUTED_VALUE"""),63.4) -> 63.4 | AD37: =IFERROR(__xludf.DUMMYFUNCTION("""COMPUTED_VALUE"""),14.76) -> 14.76 | AE37: =IFERROR(__xludf.DUMMYFUNCTION("""COMPUTED_VALUE"""),23.79) -> 23.79 | AF37: =IFERROR(__xludf.DUMMYFUNCTION("""COMPUTED_VALUE"""),5.33) -> 5.33 | AG37: =IFERROR(__xludf.DUMMYFUNCTION("""COMPUTED_VALUE"""),62.76) -> 62.76
A38: =IFERROR(__xludf.DUMMYFUNCTION("""COMPUTED_VALUE"""),44615.6666666666) -> 44615.667 | B38: =IFERROR(__xludf.DUMMYFUNCTION("""COMPUTED_VALUE"""),147.25) -> 147.25 | C38: =IFERROR(__xludf.DUMMYFUNCTION("""COMPUTED_VALUE"""),384.21) -> 384.21 | D38: =IFERROR(__xludf.DUMMYFUNCTION("""COMPUTED_VALUE"""),94.8) -> 94.8 | E38: =IFERROR(__xludf.DUMMYFUNCTION("""COMPUTED_VALUE"""),150.89) -> 150.89 | F38: =IFERROR(__xludf.DUMMYFUNCTION("""COMPUTED_VALUE"""),51.87) -> 51.87 | G38: =IFERROR(__xludf.DUMMYFUNCTION("""COMPUTED_VALUE"""),27.69) -> 27.69 | H38: =IFERROR(__xludf.DUMMYFUNCTION("""COMPUTED_VALUE"""),27.6) -> 27.6 | I38: =IFERROR(__xludf.DUMMYFUNCTION("""COMPUTED_VALUE"""),126.55) -> 126.55 | J38: =IFERROR(__xludf.DUMMYFUNCTION("""COMPUTED_VALUE"""),235.27) -> 235.27 | K38: =IFERROR(__xludf.DUMMYFUNCTION("""COMPUTED_VALUE"""),121.5) -> 121.5 | L38: =IFERROR(__xludf.DUMMYFUNCTION("""COMPUTED_VALUE"""),85.1) -> 85.1 | M38: =IFERROR(__xludf.DUMMYFUNCTION("""COMPUTED_VALUE"""),57.09) -> 57.09 | N38: =IFERROR(__xludf.DUMMYFUNCTION("""COMPUTED_VALUE"""),60.62) -> 60.62 | O38: =IFERROR(__xludf.DUMMYFUNCTION("""COMPUTED_VALUE"""),58.32) -> 58.32 | P38: =IFERROR(__xludf.DUMMYFUNCTION("""COMPUTED_VALUE"""),67.64) -> 67.64 | Q38: =IFERROR(__xludf.DUMMYFUNCTION("""COMPUTED_VALUE"""),93.34) -> 93.34 | R38: =IFERROR(__xludf.DUMMYFUNCTION("""COMPUTED_VALUE"""),81.61) -> 81.61 | S38: =IFERROR(__xludf.DUMMYFUNCTION("""COMPUTED_VALUE"""),49.61) -> 49.61 | T38: =IFERROR(__xludf.DUMMYFUNCTION("""COMPUTED_VALUE"""),23.73) -> 23.73 | U38: =IFERROR(__xludf.DUMMYFUNCTION("""COMPUTED_VALUE"""),66.24) -> 66.24 | V38: =IFERROR(__xludf.DUMMYFUNCTION("""COMPUTED_VALUE"""),59.66) -> 59.66 | W38: =IFERROR(__xludf.DUMMYFUNCTION("""COMPUTED_VALUE"""),38.34) -> 38.34 | X38: =IFERROR(__xludf.DUMMYFUNCTION("""COMPUTED_VALUE"""),93.83) -> 93.83 | Y38: =IFERROR(__xludf.DUMMYFUNCTION("""COMPUTED_VALUE"""),55.17) -> 55.17 | Z38: =IFERROR(__xludf.DUMMYFUNCTION("""COMPUTED_VALUE"""),84.09) -> 84.09 | AA38: =IFERROR(__xludf.DUMMYFUNCTION("""COMPUTED_VALUE"""),43.98) -> 43.98 | AB38: =IFERROR(__xludf.DUMMYFUNCTION("""COMPUTED_VALUE"""),71.88) -> 71.88 | AC38: =IFERROR(__xludf.DUMMYFUNCTION("""COMPUTED_VALUE"""),62.18) -> 62.18 | AD38: =IFERROR(__xludf.DUMMYFUNCTION("""COMPUTED_VALUE"""),14.66) -> 14.66 | AE38: =IFERROR(__xludf.DUMMYFUNCTION("""COMPUTED_VALUE"""),23.61) -> 23.61 | AF38: =IFERROR(__xludf.DUMMYFUNCTION("""COMPUTED_VALUE"""),5.6) -> 5.6 | AG38: =IFERROR(__xludf.DUMMYFUNCTION("""COMPUTED_VALUE"""),60.68) -> 60.68
A39: =IFERROR(__xludf.DUMMYFUNCTION("""COMPUTED_VALUE"""),44616.6666666666) -> 44616.667 | B39: =IFERROR(__xludf.DUMMYFUNCTION("""COMPUTED_VALUE"""),152.28) -> 152.28 | C39: =IFERROR(__xludf.DUMMYFUNCTION("""COMPUTED_VALUE"""),398.09) -> 398.09 | D39: =IFERROR(__xludf.DUMMYFUNCTION("""COMPUTED_VALUE"""),98.75) -> 98.75 | E39: =IFERROR(__xludf.DUMMYFUNCTION("""COMPUTED_VALUE"""),156.41) -> 156.41 | F39: =IFERROR(__xludf.DUMMYFUNCTION("""COMPUTED_VALUE"""),54.96) -> 54.96 | G39: =IFERROR(__xludf.DUMMYFUNCTION("""COMPUTED_VALUE"""),28.4) -> 28.4 | H39: =IFERROR(__xludf.DUMMYFUNCTION("""COMPUTED_VALUE"""),28.52) -> 28.52 | I39: =IFERROR(__xludf.DUMMYFUNCTION("""COMPUTED_VALUE"""),127.06) -> 127.06 | J39: =IFERROR(__xludf.DUMMYFUNCTION("""COMPUTED_VALUE"""),237.55) -> 237.55 | K39: =IFERROR(__xludf.DUMMYFUNCTION("""COMPUTED_VALUE"""),124.59) -> 124.59 | L39: =IFERROR(__xludf.DUMMYFUNCTION("""COMPUTED_VALUE"""),89) -> 89 | M39: =IFERROR(__xludf.DUMMYFUNCTION("""COMPUTED_VALUE"""),58.94) -> 58.94 | N39: =IFERROR(__xludf.DUMMYFUNCTION("""COMPUTED_VALUE"""),61.21) -> 61.21 | O39: =IFERROR(__xludf.DUMMYFUNCTION("""COMPUTED_VALUE"""),60.68) -> 60.68 | P39: =IFERROR(__xludf.DUMMYFUNCTION("""COMPUTED_VALUE"""),67.11) -> 67.11 | Q39: =IFERROR(__xludf.DUMMYFUNCTION("""COMPUTED_VALUE"""),93.01) -> 93.01 | R39: =IFERROR(__xludf.DUMMYFUNCTION("""COMPUTED_VALUE"""),81.37) -> 81.37 | S39: =IFERROR(__xludf.DUMMYFUNCTION("""COMPUTED_VALUE"""),49) -> 49 | T39: =IFERROR(__xludf.DUMMYFUNCTION("""COMPUTED_VALUE"""),23.83) -> 23.83 | U39: =IFERROR(__xludf.DUMMYFUNCTION("""COMPUTED_VALUE"""),66.34) -> 66.34 | V39: =IFERROR(__xludf.DUMMYFUNCTION("""COMPUTED_VALUE"""),64.8) -> 64.8 | W39: =IFERROR(__xludf.DUMMYFUNCTION("""COMPUTED_VALUE"""),37.88) -> 37.88 | X39: =IFERROR(__xludf.DUMMYFUNCTION("""COMPUTED_VALUE"""),92.91) -> 92.91 | Y39: =IFERROR(__xludf.DUMMYFUNCTION("""COMPUTED_VALUE"""),54.26) -> 54.26 | Z39: =IFERROR(__xludf.DUMMYFUNCTION("""COMPUTED_VALUE"""),83.18) -> 83.18 | AA39: =IFERROR(__xludf.DUMMYFUNCTION("""COMPUTED_VALUE"""),44.74) -> 44.74 | AB39: =IFERROR(__xludf.DUMMYFUNCTION("""COMPUTED_VALUE"""),70.59) -> 70.59 | AC39: =IFERROR(__xludf.DUMMYFUNCTION("""COMPUTED_VALUE"""),61.71) -> 61.71 | AD39: =IFERROR(__xludf.DUMMYFUNCTION("""COMPUTED_VALUE"""),14.93) -> 14.93 | AE39: =IFERROR(__xludf.DUMMYFUNCTION("""COMPUTED_VALUE"""),24.06) -> 24.06 | AF39: =IFERROR(__xludf.DUMMYFUNCTION("""COMPUTED_VALUE"""),5) -> 5 | AG39: =IFERROR(__xludf.DUMMYFUNCTION("""COMPUTED_VALUE"""),64.2) -> 64.2
A40: =IFERROR(__xludf.DUMMYFUNCTION("""COMPUTED_VALUE"""),44617.6666666666) -> 44617.667 | B40: =IFERROR(__xludf.DUMMYFUNCTION("""COMPUTED_VALUE"""),154.35) -> 154.35 | C40: =IFERROR(__xludf.DUMMYFUNCTION("""COMPUTED_VALUE"""),403.82) -> 403.82 | D40: =IFERROR(__xludf.DUMMYFUNCTION("""COMPUTED_VALUE"""),100.01) -> 100.01 | E40: =IFERROR(__xludf.DUMMYFUNCTION("""COMPUTED_VALUE"""),159.02) -> 159.02 | F40: =IFERROR(__xludf.DUMMYFUNCTION("""COMPUTED_VALUE"""),55.73) -> 55.73 | G40: =IFERROR(__xludf.DUMMYFUNCTION("""COMPUTED_VALUE"""),29.3) -> 29.3 | H40: =IFERROR(__xludf.DUMMYFUNCTION("""COMPUTED_VALUE"""),29.14) -> 29.14 | I40: =IFERROR(__xludf.DUMMYFUNCTION("""COMPUTED_VALUE"""),130.95) -> 130.95 | J40: =IFERROR(__xludf.DUMMYFUNCTION("""COMPUTED_VALUE"""),244.47) -> 244.47 | K40: =IFERROR(__xludf.DUMMYFUNCTION("""COMPUTED_VALUE"""),126.29) -> 126.29 | L40: =IFERROR(__xludf.DUMMYFUNCTION("""COMPUTED_VALUE"""),89.8) -> 89.8 | M40: =IFERROR(__xludf.DUMMYFUNCTION("""COMPUTED_VALUE"""),59.93) -> 59.93 | N40: =IFERROR(__xludf.DUMMYFUNCTION("""COMPUTED_VALUE"""),63.06) -> 63.06 | O40: =IFERROR(__xludf.DUMMYFUNCTION("""COMPUTED_VALUE"""),61.96) -> 61.96 | P40: =IFERROR(__xludf.DUMMYFUNCTION("""COMPUTED_VALUE"""),68.88) -> 68.88 | Q40: =IFERROR(__xludf.DUMMYFUNCTION("""COMPUTED_VALUE"""),95.38) -> 95.38 | R40: =IFERROR(__xludf.DUMMYFUNCTION("""COMPUTED_VALUE"""),84.34) -> 84.34 | S40: =IFERROR(__xludf.DUMMYFUNCTION("""COMPUTED_VALUE"""),51.77) -> 51.77 | T40: =IFERROR(__xludf.DUMMYFUNCTION("""COMPUTED_VALUE"""),23.47) -> 23.47 | U40: =IFERROR(__xludf.DUMMYFUNCTION("""COMPUTED_VALUE"""),65.8) -> 65.8 | V40: =IFERROR(__xludf.DUMMYFUNCTION("""COMPUTED_VALUE"""),66.42) -> 66.42 | W40: =IFERROR(__xludf.DUMMYFUNCTION("""COMPUTED_VALUE"""),39.1) -> 39.1 | X40: =IFERROR(__xludf.DUMMYFUNCTION("""COMPUTED_VALUE"""),95.93) -> 95.93 | Y40: =IFERROR(__xludf.DUMMYFUNCTION("""COMPUTED_VALUE"""),56.58) -> 56.58 | Z40: =IFERROR(__xludf.DUMMYFUNCTION("""COMPUTED_VALUE"""),86.01) -> 86.01 | AA40: =IFERROR(__xludf.DUMMYFUNCTION("""COMPUTED_VALUE"""),45.86) -> 45.86 | AB40: =IFERROR(__xludf.DUMMYFUNCTION("""COMPUTED_VALUE"""),73.84) -> 73.84 | AC40: =IFERROR(__xludf.DUMMYFUNCTION("""COMPUTED_VALUE"""),63.42) -> 63.42 | AD40: =IFERROR(__xludf.DUMMYFUNCTION("""COMPUTED_VALUE"""),15.21) -> 15.21 | AE40: =IFERROR(__xludf.DUMMYFUNCTION("""COMPUTED_VALUE"""),24.53) -> 24.53 | AF40: =IFERROR(__xludf.DUMMYFUNCTION("""COMPUTED_VALUE"""),5.62) -> 5.62 | AG40: =IFERROR(__xludf.DUMMYFUNCTION("""COMPUTED_VALUE"""),64.08) -> 64.08
A41: =IFERROR(__xludf.DUMMYFUNCTION("""COMPUTED_VALUE"""),44620.6666666666) -> 44620.667 | B41: =IFERROR(__xludf.DUMMYFUNCTION("""COMPUTED_VALUE"""),154.07) -> 154.07 | C41: =IFERROR(__xludf.DUMMYFUNCTION("""COMPUTED_VALUE"""),403.91) -> 403.91 | D41: =IFERROR(__xludf.DUMMYFUNCTION("""COMPUTED_VALUE"""),100.14) -> 100.14 | E41: =IFERROR(__xludf.DUMMYFUNCTION("""COMPUTED_VALUE"""),158.05) -> 158.05 | F41: =IFERROR(__xludf.DUMMYFUNCTION("""COMPUTED_VALUE"""),57.39) -> 57.39 | G41: =IFERROR(__xludf.DUMMYFUNCTION("""COMPUTED_VALUE"""),29.57) -> 29.57 | H41: =IFERROR(__xludf.DUMMYFUNCTION("""COMPUTED_VALUE"""),29.16) -> 29.16 | I41: =IFERROR(__xludf.DUMMYFUNCTION("""COMPUTED_VALUE"""),129.96) -> 129.96 | J41: =IFERROR(__xludf.DUMMYFUNCTION("""COMPUTED_VALUE"""),242.94) -> 242.94 | K41: =IFERROR(__xludf.DUMMYFUNCTION("""COMPUTED_VALUE"""),126.07) -> 126.07 | L41: =IFERROR(__xludf.DUMMYFUNCTION("""COMPUTED_VALUE"""),89.83) -> 89.83 | M41: =IFERROR(__xludf.DUMMYFUNCTION("""COMPUTED_VALUE"""),60.27) -> 60.27 | N41: =IFERROR(__xludf.DUMMYFUNCTION("""COMPUTED_VALUE"""),62.6) -> 62.6 | O41: =IFERROR(__xludf.DUMMYFUNCTION("""COMPUTED_VALUE"""),61.84) -> 61.84 | P41: =IFERROR(__xludf.DUMMYFUNCTION("""COMPUTED_VALUE"""),70.58) -> 70.58 | Q41: =IFERROR(__xludf.DUMMYFUNCTION("""COMPUTED_VALUE"""),98.02) -> 98.02 | R41: =IFERROR(__xludf.DUMMYFUNCTION("""COMPUTED_VALUE"""),83.38) -> 83.38 | S41: =IFERROR(__xludf.DUMMYFUNCTION("""COMPUTED_VALUE"""),52.62) -> 52.62 | T41: =IFERROR(__xludf.DUMMYFUNCTION("""COMPUTED_VALUE"""),23.87) -> 23.87 | U41: =IFERROR(__xludf.DUMMYFUNCTION("""COMPUTED_VALUE"""),67.48) -> 67.48 | V41: =IFERROR(__xludf.DUMMYFUNCTION("""COMPUTED_VALUE"""),71.47) -> 71.47 | W41: =IFERROR(__xludf.DUMMYFUNCTION("""COMPUTED_VALUE"""),38.52) -> 38.52 | X41: =IFERROR(__xludf.DUMMYFUNCTION("""COMPUTED_VALUE"""),94.75) -> 94.75 | Y41: =IFERROR(__xludf.DUMMYFUNCTION("""COMPUTED_VALUE"""),56.62) -> 56.62 | Z41: =IFERROR(__xludf.DUMMYFUNCTION("""COMPUTED_VALUE"""),84.83) -> 84.83 | AA41: =IFERROR(__xludf.DUMMYFUNCTION("""COMPUTED_VALUE"""),45.07) -> 45.07 | AB41: =IFERROR(__xludf.DUMMYFUNCTION("""COMPUTED_VALUE"""),74.28) -> 74.28 | AC41: =IFERROR(__xludf.DUMMYFUNCTION("""COMPUTED_VALUE"""),62.32) -> 62.32 | AD41: =IFERROR(__xludf.DUMMYFUNCTION("""COMPUTED_VALUE"""),16.34) -> 16.34 | AE41: =IFERROR(__xludf.DUMMYFUNCTION("""COMPUTED_VALUE"""),26.38) -> 26.38 | AF41: =IFERROR(__xludf.DUMMYFUNCTION("""COMPUTED_VALUE"""),5.47) -> 5.47 | AG41: =IFERROR(__xludf.DUMMYFUNCTION("""COMPUTED_VALUE"""),67.32) -> 67.32
A42: =IFERROR(__xludf.DUMMYFUNCTION("""COMPUTED_VALUE"""),44621.6666666666) -> 44621.667 | B42: =IFERROR(__xludf.DUMMYFUNCTION("""COMPUTED_VALUE"""),150.99) -> 150.99 | C42: =IFERROR(__xludf.DUMMYFUNCTION("""COMPUTED_VALUE"""),396.14) -> 396.14 | D42: =IFERROR(__xludf.DUMMYFUNCTION("""COMPUTED_VALUE"""),98.46) -> 98.46 | E42: =IFERROR(__xludf.DUMMYFUNCTION("""COMPUTED_VALUE"""),152.32) -> 152.32 | F42: =IFERROR(__xludf.DUMMYFUNCTION("""COMPUTED_VALUE"""),57.7) -> 57.7 | G42: =IFERROR(__xludf.DUMMYFUNCTION("""COMPUTED_VALUE"""),29.02) -> 29.02 | H42: =IFERROR(__xludf.DUMMYFUNCTION("""COMPUTED_VALUE"""),28.81) -> 28.81 | I42: =IFERROR(__xludf.DUMMYFUNCTION("""COMPUTED_VALUE"""),129.24) -> 129.24 | J42: =IFERROR(__xludf.DUMMYFUNCTION("""COMPUTED_VALUE"""),241.63) -> 241.63 | K42: =IFERROR(__xludf.DUMMYFUNCTION("""COMPUTED_VALUE"""),125.4) -> 125.4 | L42: =IFERROR(__xludf.DUMMYFUNCTION("""COMPUTED_VALUE"""),89.09) -> 89.09 | M42: =IFERROR(__xludf.DUMMYFUNCTION("""COMPUTED_VALUE"""),59.75) -> 59.75 | N42: =IFERROR(__xludf.DUMMYFUNCTION("""COMPUTED_VALUE"""),62.36) -> 62.36 | O42: =IFERROR(__xludf.DUMMYFUNCTION("""COMPUTED_VALUE"""),61.16) -> 61.16 | P42: =IFERROR(__xludf.DUMMYFUNCTION("""COMPUTED_VALUE"""),71.29) -> 71.29 | Q42: =IFERROR(__xludf.DUMMYFUNCTION("""COMPUTED_VALUE"""),98.95) -> 98.95 | R42: =IFERROR(__xludf.DUMMYFUNCTION("""COMPUTED_VALUE"""),81.46) -> 81.46 | S42: =IFERROR(__xludf.DUMMYFUNCTION("""COMPUTED_VALUE"""),53.93) -> 53.93 | T42: =IFERROR(__xludf.DUMMYFUNCTION("""COMPUTED_VALUE"""),24.83) -> 24.83 | U42: =IFERROR(__xludf.DUMMYFUNCTION("""COMPUTED_VALUE"""),71.82) -> 71.82 | V42: =IFERROR(__xludf.DUMMYFUNCTION("""COMPUTED_VALUE"""),72.84) -> 72.84 | W42: =IFERROR(__xludf.DUMMYFUNCTION("""COMPUTED_VALUE"""),37.1) -> 37.1 | X42: =IFERROR(__xludf.DUMMYFUNCTION("""COMPUTED_VALUE"""),91.15) -> 91.15 | Y42: =IFERROR(__xludf.DUMMYFUNCTION("""COMPUTED_VALUE"""),53.78) -> 53.78 | Z42: =IFERROR(__xludf.DUMMYFUNCTION("""COMPUTED_VALUE"""),81.85) -> 81.85 | AA42: =IFERROR(__xludf.DUMMYFUNCTION("""COMPUTED_VALUE"""),44.98) -> 44.98 | AB42: =IFERROR(__xludf.DUMMYFUNCTION("""COMPUTED_VALUE"""),70.22) -> 70.22 | AC42: =IFERROR(__xludf.DUMMYFUNCTION("""COMPUTED_VALUE"""),59.7) -> 59.7 | AD42: =IFERROR(__xludf.DUMMYFUNCTION("""COMPUTED_VALUE"""),17.2) -> 17.2 | AE42: =IFERROR(__xludf.DUMMYFUNCTION("""COMPUTED_VALUE"""),27.78) -> 27.78 | AF42: =IFERROR(__xludf.DUMMYFUNCTION("""COMPUTED_VALUE"""),6.1) -> 6.1 | AG42: =IFERROR(__xludf.DUMMYFUNCTION("""COMPUTED_VALUE"""),68.24) -> 68.24
A43: =IFERROR(__xludf.DUMMYFUNCTION("""COMPUTED_VALUE"""),44622.6666666666) -> 44622.667 | B43: =IFERROR(__xludf.DUMMYFUNCTION("""COMPUTED_VALUE"""),154.26) -> 154.26 | C43: =IFERROR(__xludf.DUMMYFUNCTION("""COMPUTED_VALUE"""),404.39) -> 404.39 | D43: =IFERROR(__xludf.DUMMYFUNCTION("""COMPUTED_VALUE"""),100.44) -> 100.44 | E43: =IFERROR(__xludf.DUMMYFUNCTION("""COMPUTED_VALUE"""),157.17) -> 157.17 | F43: =IFERROR(__xludf.DUMMYFUNCTION("""COMPUTED_VALUE"""),58.39) -> 58.39 | G43: =IFERROR(__xludf.DUMMYFUNCTION("""COMPUTED_VALUE"""),29.74) -> 29.74 | H43: =IFERROR(__xludf.DUMMYFUNCTION("""COMPUTED_VALUE"""),29.2) -> 29.2 | I43: =IFERROR(__xludf.DUMMYFUNCTION("""COMPUTED_VALUE"""),131.19) -> 131.19 | J43: =IFERROR(__xludf.DUMMYFUNCTION("""COMPUTED_VALUE"""),245.32) -> 245.32 | K43: =IFERROR(__xludf.DUMMYFUNCTION("""COMPUTED_VALUE"""),126.07) -> 126.07 | L43: =IFERROR(__xludf.DUMMYFUNCTION("""COMPUTED_VALUE"""),89.32) -> 89.32 | M43: =IFERROR(__xludf.DUMMYFUNCTION("""COMPUTED_VALUE"""),60.1) -> 60.1 | N43: =IFERROR(__xludf.DUMMYFUNCTION("""COMPUTED_VALUE"""),63.18) -> 63.18 | O43: =IFERROR(__xludf.DUMMYFUNCTION("""COMPUTED_VALUE"""),61.44) -> 61.44 | P43: =IFERROR(__xludf.DUMMYFUNCTION("""COMPUTED_VALUE"""),72.92) -> 72.92 | Q43: =IFERROR(__xludf.DUMMYFUNCTION("""COMPUTED_VALUE"""),101.35) -> 101.35 | R43: =IFERROR(__xludf.DUMMYFUNCTION("""COMPUTED_VALUE"""),83.25) -> 83.25 | S43: =IFERROR(__xludf.DUMMYFUNCTION("""COMPUTED_VALUE"""),55.97) -> 55.97 | T43: =IFERROR(__xludf.DUMMYFUNCTION("""COMPUTED_VALUE"""),25.64) -> 25.64 | U43: =IFERROR(__xludf.DUMMYFUNCTION("""COMPUTED_VALUE"""),75.42) -> 75.42 | V43: =IFERROR(__xludf.DUMMYFUNCTION("""COMPUTED_VALUE"""),70.35) -> 70.35 | W43: =IFERROR(__xludf.DUMMYFUNCTION("""COMPUTED_VALUE"""),38.06) -> 38.06 | X43: =IFERROR(__xludf.DUMMYFUNCTION("""COMPUTED_VALUE"""),93.61) -> 93.61 | Y43: =IFERROR(__xludf.DUMMYFUNCTION("""COMPUTED_VALUE"""),56.03) -> 56.03 | Z43: =IFERROR(__xludf.DUMMYFUNCTION("""COMPUTED_VALUE"""),84.2) -> 84.2 | AA43: =IFERROR(__xludf.DUMMYFUNCTION("""COMPUTED_VALUE"""),45.78) -> 45.78 | AB43: =IFERROR(__xludf.DUMMYFUNCTION("""COMPUTED_VALUE"""),73.35) -> 73.35 | AC43: =IFERROR(__xludf.DUMMYFUNCTION("""COMPUTED_VALUE"""),61.07) -> 61.07 | AD43: =IFERROR(__xludf.DUMMYFUNCTION("""COMPUTED_VALUE"""),17.1) -> 17.1 | AE43: =IFERROR(__xludf.DUMMYFUNCTION("""COMPUTED_VALUE"""),27.58) -> 27.58 | AF43: =IFERROR(__xludf.DUMMYFUNCTION("""COMPUTED_VALUE"""),6.06) -> 6.06 | AG43: =IFERROR(__xludf.DUMMYFUNCTION("""COMPUTED_VALUE"""),69.16) -> 69.16
A44: =IFERROR(__xludf.DUMMYFUNCTION("""COMPUTED_VALUE"""),44623.6666666666) -> 44623.667 | B44: =IFERROR(__xludf.DUMMYFUNCTION("""COMPUTED_VALUE"""),152.42) -> 152.42 | C44: =IFERROR(__xludf.DUMMYFUNCTION("""COMPUTED_VALUE"""),398.1) -> 398.1 | D44: =IFERROR(__xludf.DUMMYFUNCTION("""COMPUTED_VALUE"""),98.84) -> 98.84 | E44: =IFERROR(__xludf.DUMMYFUNCTION("""COMPUTED_VALUE"""),153.87) -> 153.87 | F44: =IFERROR(__xludf.DUMMYFUNCTION("""COMPUTED_VALUE"""),57.64) -> 57.64 | G44: =IFERROR(__xludf.DUMMYFUNCTION("""COMPUTED_VALUE"""),29.14) -> 29.14 | H44: =IFERROR(__xludf.DUMMYFUNCTION("""COMPUTED_VALUE"""),28.48) -> 28.48 | I44: =IFERROR(__xludf.DUMMYFUNCTION("""COMPUTED_VALUE"""),131.86) -> 131.86 | J44: =IFERROR(__xludf.DUMMYFUNCTION("""COMPUTED_VALUE"""),245.63) -> 245.63 | K44: =IFERROR(__xludf.DUMMYFUNCTION("""COMPUTED_VALUE"""),124.44) -> 124.44 | L44: =IFERROR(__xludf.DUMMYFUNCTION("""COMPUTED_VALUE"""),86.65) -> 86.65 | M44: =IFERROR(__xludf.DUMMYFUNCTION("""COMPUTED_VALUE"""),59.3) -> 59.3 | N44: =IFERROR(__xludf.DUMMYFUNCTION("""COMPUTED_VALUE"""),63.31) -> 63.31 | O44: =IFERROR(__xludf.DUMMYFUNCTION("""COMPUTED_VALUE"""),59.36) -> 59.36 | P44: =IFERROR(__xludf.DUMMYFUNCTION("""COMPUTED_VALUE"""),73.12) -> 73.12 | Q44: =IFERROR(__xludf.DUMMYFUNCTION("""COMPUTED_VALUE"""),101.53) -> 101.53 | R44: =IFERROR(__xludf.DUMMYFUNCTION("""COMPUTED_VALUE"""),83.35) -> 83.35 | S44: =IFERROR(__xludf.DUMMYFUNCTION("""COMPUTED_VALUE"""),57.78) -> 57.78 | T44: =IFERROR(__xludf.DUMMYFUNCTION("""COMPUTED_VALUE"""),25.92) -> 25.92 | U44: =IFERROR(__xludf.DUMMYFUNCTION("""COMPUTED_VALUE"""),74.53) -> 74.53 | V44: =IFERROR(__xludf.DUMMYFUNCTION("""COMPUTED_VALUE"""),68.33) -> 68.33 | W44: =IFERROR(__xludf.DUMMYFUNCTION("""COMPUTED_VALUE"""),37.94) -> 37.94 | X44: =IFERROR(__xludf.DUMMYFUNCTION("""COMPUTED_VALUE"""),93.18) -> 93.18 | Y44: =IFERROR(__xludf.DUMMYFUNCTION("""COMPUTED_VALUE"""),55.65) -> 55.65 | Z44: =IFERROR(__xludf.DUMMYFUNCTION("""COMPUTED_VALUE"""),83.78) -> 83.78 | AA44: =IFERROR(__xludf.DUMMYFUNCTION("""COMPUTED_VALUE"""),46.28) -> 46.28 | AB44: =IFERROR(__xludf.DUMMYFUNCTION("""COMPUTED_VALUE"""),72.89) -> 72.89 | AC44: =IFERROR(__xludf.DUMMYFUNCTION("""COMPUTED_VALUE"""),60.56) -> 60.56 | AD44: =IFERROR(__xludf.DUMMYFUNCTION("""COMPUTED_VALUE"""),16.38) -> 16.38 | AE44: =IFERROR(__xludf.DUMMYFUNCTION("""COMPUTED_VALUE"""),26.41) -> 26.41 | AF44: =IFERROR(__xludf.DUMMYFUNCTION("""COMPUTED_VALUE"""),6.03) -> 6.03 | AG44: =IFERROR(__xludf.DUMMYFUNCTION("""COMPUTED_VALUE"""),64.72) -> 64.72
A45: =IFERROR(__xludf.DUMMYFUNCTION("""COMPUTED_VALUE"""),44624.6666666666) -> 44624.667 | B45: =IFERROR(__xludf.DUMMYFUNCTION("""COMPUTED_VALUE"""),149.75) -> 149.75 | C45: =IFERROR(__xludf.DUMMYFUNCTION("""COMPUTED_VALUE"""),390.16) -> 390.16 | D45: =IFERROR(__xludf.DUMMYFUNCTION("""COMPUTED_VALUE"""),96.91) -> 96.91 | E45: =IFERROR(__xludf.DUMMYFUNCTION("""COMPUTED_VALUE"""),149.79) -> 149.79 | F45: =IFERROR(__xludf.DUMMYFUNCTION("""COMPUTED_VALUE"""),56.81) -> 56.81 | G45: =IFERROR(__xludf.DUMMYFUNCTION("""COMPUTED_VALUE"""),28.09) -> 28.09 | H45: =IFERROR(__xludf.DUMMYFUNCTION("""COMPUTED_VALUE"""),27.8) -> 27.8 | I45: =IFERROR(__xludf.DUMMYFUNCTION("""COMPUTED_VALUE"""),132.52) -> 132.52 | J45: =IFERROR(__xludf.DUMMYFUNCTION("""COMPUTED_VALUE"""),246.05) -> 246.05 | K45: =IFERROR(__xludf.DUMMYFUNCTION("""COMPUTED_VALUE"""),122.57) -> 122.57 | L45: =IFERROR(__xludf.DUMMYFUNCTION("""COMPUTED_VALUE"""),83.9) -> 83.9 | M45: =IFERROR(__xludf.DUMMYFUNCTION("""COMPUTED_VALUE"""),58.31) -> 58.31 | N45: =IFERROR(__xludf.DUMMYFUNCTION("""COMPUTED_VALUE"""),63.36) -> 63.36 | O45: =IFERROR(__xludf.DUMMYFUNCTION("""COMPUTED_VALUE"""),57.88) -> 57.88 | P45: =IFERROR(__xludf.DUMMYFUNCTION("""COMPUTED_VALUE"""),75.23) -> 75.23 | Q45: =IFERROR(__xludf.DUMMYFUNCTION("""COMPUTED_VALUE"""),104.73) -> 104.73 | R45: =IFERROR(__xludf.DUMMYFUNCTION("""COMPUTED_VALUE"""),83.06) -> 83.06 | S45: =IFERROR(__xludf.DUMMYFUNCTION("""COMPUTED_VALUE"""),59.11) -> 59.11 | T45: =IFERROR(__xludf.DUMMYFUNCTION("""COMPUTED_VALUE"""),27.01) -> 27.01 | U45: =IFERROR(__xludf.DUMMYFUNCTION("""COMPUTED_VALUE"""),79.46) -> 79.46 | V45: =IFERROR(__xludf.DUMMYFUNCTION("""COMPUTED_VALUE"""),67.96) -> 67.96 | W45: =IFERROR(__xludf.DUMMYFUNCTION("""COMPUTED_VALUE"""),37.23) -> 37.23 | X45: =IFERROR(__xludf.DUMMYFUNCTION("""COMPUTED_VALUE"""),91.18) -> 91.18 | Y45: =IFERROR(__xludf.DUMMYFUNCTION("""COMPUTED_VALUE"""),53.61) -> 53.61 | Z45: =IFERROR(__xludf.DUMMYFUNCTION("""COMPUTED_VALUE"""),82.16) -> 82.16 | AA45: =IFERROR(__xludf.DUMMYFUNCTION("""COMPUTED_VALUE"""),46.67) -> 46.67 | AB45: =IFERROR(__xludf.DUMMYFUNCTION("""COMPUTED_VALUE"""),70.03) -> 70.03 | AC45: =IFERROR(__xludf.DUMMYFUNCTION("""COMPUTED_VALUE"""),58.9) -> 58.9 | AD45: =IFERROR(__xludf.DUMMYFUNCTION("""COMPUTED_VALUE"""),15.37) -> 15.37 | AE45: =IFERROR(__xludf.DUMMYFUNCTION("""COMPUTED_VALUE"""),24.78) -> 24.78 | AF45: =IFERROR(__xludf.DUMMYFUNCTION("""COMPUTED_VALUE"""),5.56) -> 5.56 | AG45: =IFERROR(__xludf.DUMMYFUNCTION("""COMPUTED_VALUE"""),59.72) -> 59.72
A46: =IFERROR(__xludf.DUMMYFUNCTION("""COMPUTED_VALUE"""),44627.6666666666) -> 44627.667 | B46: =IFERROR(__xludf.DUMMYFUNCTION("""COMPUTED_VALUE"""),144.27) -> 144.27 | C46: =IFERROR(__xludf.DUMMYFUNCTION("""COMPUTED_VALUE"""),375.53) -> 375.53 | D46: =IFERROR(__xludf.DUMMYFUNCTION("""COMPUTED_VALUE"""),93.02) -> 93.02 | E46: =IFERROR(__xludf.DUMMYFUNCTION("""COMPUTED_VALUE"""),142.27) -> 142.27 | F46: =IFERROR(__xludf.DUMMYFUNCTION("""COMPUTED_VALUE"""),55.54) -> 55.54 | G46: =IFERROR(__xludf.DUMMYFUNCTION("""COMPUTED_VALUE"""),26.62) -> 26.62 | H46: =IFERROR(__xludf.DUMMYFUNCTION("""COMPUTED_VALUE"""),26.75) -> 26.75 | I46: =IFERROR(__xludf.DUMMYFUNCTION("""COMPUTED_VALUE"""),130.21) -> 130.21 | J46: =IFERROR(__xludf.DUMMYFUNCTION("""COMPUTED_VALUE"""),241.88) -> 241.88 | K46: =IFERROR(__xludf.DUMMYFUNCTION("""COMPUTED_VALUE"""),120.62) -> 120.62 | L46: =IFERROR(__xludf.DUMMYFUNCTION("""COMPUTED_VALUE"""),83.76) -> 83.76 | M46: =IFERROR(__xludf.DUMMYFUNCTION("""COMPUTED_VALUE"""),57.53) -> 57.53 | N46: =IFERROR(__xludf.DUMMYFUNCTION("""COMPUTED_VALUE"""),62.34) -> 62.34 | O46: =IFERROR(__xludf.DUMMYFUNCTION("""COMPUTED_VALUE"""),56.64) -> 56.64 | P46: =IFERROR(__xludf.DUMMYFUNCTION("""COMPUTED_VALUE"""),76.34) -> 76.34 | Q46: =IFERROR(__xludf.DUMMYFUNCTION("""COMPUTED_VALUE"""),106.38) -> 106.38 | R46: =IFERROR(__xludf.DUMMYFUNCTION("""COMPUTED_VALUE"""),80.18) -> 80.18 | S46: =IFERROR(__xludf.DUMMYFUNCTION("""COMPUTED_VALUE"""),57.6) -> 57.6 | T46: =IFERROR(__xludf.DUMMYFUNCTION("""COMPUTED_VALUE"""),27.6) -> 27.6 | U46: =IFERROR(__xludf.DUMMYFUNCTION("""COMPUTED_VALUE"""),82.37) -> 82.37 | V46: =IFERROR(__xludf.DUMMYFUNCTION("""COMPUTED_VALUE"""),69.99) -> 69.99 | W46: =IFERROR(__xludf.DUMMYFUNCTION("""COMPUTED_VALUE"""),35.87) -> 35.87 | X46: =IFERROR(__xludf.DUMMYFUNCTION("""COMPUTED_VALUE"""),87.58) -> 87.58 | Y46: =IFERROR(__xludf.DUMMYFUNCTION("""COMPUTED_VALUE"""),51.35) -> 51.35 | Z46: =IFERROR(__xludf.DUMMYFUNCTION("""COMPUTED_VALUE"""),78.96) -> 78.96 | AA46: =IFERROR(__xludf.DUMMYFUNCTION("""COMPUTED_VALUE"""),45.82) -> 45.82 | AB46: =IFERROR(__xludf.DUMMYFUNCTION("""COMPUTED_VALUE"""),67.01) -> 67.01 | AC46: =IFERROR(__xludf.DUMMYFUNCTION("""COMPUTED_VALUE"""),55.98) -> 55.98 | AD46: =IFERROR(__xludf.DUMMYFUNCTION("""COMPUTED_VALUE"""),14.6) -> 14.6 | AE46: =IFERROR(__xludf.DUMMYFUNCTION("""COMPUTED_VALUE"""),23.56) -> 23.56 | AF46: =IFERROR(__xludf.DUMMYFUNCTION("""COMPUTED_VALUE"""),5.03) -> 5.03 | AG46: =IFERROR(__xludf.DUMMYFUNCTION("""COMPUTED_VALUE"""),56.72) -> 56.72
A47: =IFERROR(__xludf.DUMMYFUNCTION("""COMPUTED_VALUE"""),44628.6666666666) -> 44628.667 | B47: =IFERROR(__xludf.DUMMYFUNCTION("""COMPUTED_VALUE"""),143.57) -> 143.57 | C47: =IFERROR(__xludf.DUMMYFUNCTION("""COMPUTED_VALUE"""),373.68) -> 373.68 | D47: =IFERROR(__xludf.DUMMYFUNCTION("""COMPUTED_VALUE"""),92.75) -> 92.75 | E47: =IFERROR(__xludf.DUMMYFUNCTION("""COMPUTED_VALUE"""),145) -> 145 | F47: =IFERROR(__xludf.DUMMYFUNCTION("""COMPUTED_VALUE"""),54.84) -> 54.84 | G47: =IFERROR(__xludf.DUMMYFUNCTION("""COMPUTED_VALUE"""),26.71) -> 26.71 | H47: =IFERROR(__xludf.DUMMYFUNCTION("""COMPUTED_VALUE"""),26.8) -> 26.8 | I47: =IFERROR(__xludf.DUMMYFUNCTION("""COMPUTED_VALUE"""),127.55) -> 127.55 | J47: =IFERROR(__xludf.DUMMYFUNCTION("""COMPUTED_VALUE"""),237.22) -> 237.22 | K47: =IFERROR(__xludf.DUMMYFUNCTION("""COMPUTED_VALUE"""),120.32) -> 120.32 | L47: =IFERROR(__xludf.DUMMYFUNCTION("""COMPUTED_VALUE"""),84.32) -> 84.32 | M47: =IFERROR(__xludf.DUMMYFUNCTION("""COMPUTED_VALUE"""),57.37) -> 57.37 | N47: =IFERROR(__xludf.DUMMYFUNCTION("""COMPUTED_VALUE"""),61.19) -> 61.19 | O47: =IFERROR(__xludf.DUMMYFUNCTION("""COMPUTED_VALUE"""),57.44) -> 57.44 | P47: =IFERROR(__xludf.DUMMYFUNCTION("""COMPUTED_VALUE"""),77.54) -> 77.54 | Q47: =IFERROR(__xludf.DUMMYFUNCTION("""COMPUTED_VALUE"""),107.46) -> 107.46 | R47: =IFERROR(__xludf.DUMMYFUNCTION("""COMPUTED_VALUE"""),79.77) -> 79.77 | S47: =IFERROR(__xludf.DUMMYFUNCTION("""COMPUTED_VALUE"""),57.08) -> 57.08 | T47: =IFERROR(__xludf.DUMMYFUNCTION("""COMPUTED_VALUE"""),28.07) -> 28.07 | U47: =IFERROR(__xludf.DUMMYFUNCTION("""COMPUTED_VALUE"""),85.43) -> 85.43 | V47: =IFERROR(__xludf.DUMMYFUNCTION("""COMPUTED_VALUE"""),76.51) -> 76.51 | W47: =IFERROR(__xludf.DUMMYFUNCTION("""COMPUTED_VALUE"""),35.66) -> 35.66 | X47: =IFERROR(__xludf.DUMMYFUNCTION("""COMPUTED_VALUE"""),87.26) -> 87.26 | Y47: =IFERROR(__xludf.DUMMYFUNCTION("""COMPUTED_VALUE"""),51.63) -> 51.63 | Z47: =IFERROR(__xludf.DUMMYFUNCTION("""COMPUTED_VALUE"""),78.62) -> 78.62 | AA47: =IFERROR(__xludf.DUMMYFUNCTION("""COMPUTED_VALUE"""),45.41) -> 45.41 | AB47: =IFERROR(__xludf.DUMMYFUNCTION("""COMPUTED_VALUE"""),67.55) -> 67.55 | AC47: =IFERROR(__xludf.DUMMYFUNCTION("""COMPUTED_VALUE"""),56.03) -> 56.03 | AD47: =IFERROR(__xludf.DUMMYFUNCTION("""COMPUTED_VALUE"""),14.97) -> 14.97 | AE47: =IFERROR(__xludf.DUMMYFUNCTION("""COMPUTED_VALUE"""),24.15) -> 24.15 | AF47: =IFERROR(__xludf.DUMMYFUNCTION("""COMPUTED_VALUE"""),5.1) -> 5.1 | AG47: =IFERROR(__xludf.DUMMYFUNCTION("""COMPUTED_VALUE"""),57.8) -> 57.8
A48: =IFERROR(__xludf.DUMMYFUNCTION("""COMPUTED_VALUE"""),44629.6666666666) -> 44629.667 | B48: =IFERROR(__xludf.DUMMYFUNCTION("""COMPUTED_VALUE"""),149.25) -> 149.25 | C48: =IFERROR(__xludf.DUMMYFUNCTION("""COMPUTED_VALUE"""),389.61) -> 389.61 | D48: =IFERROR(__xludf.DUMMYFUNCTION("""COMPUTED_VALUE"""),96.82) -> 96.82 | E48: =IFERROR(__xludf.DUMMYFUNCTION("""COMPUTED_VALUE"""),151.08) -> 151.08 | F48: =IFERROR(__xludf.DUMMYFUNCTION("""COMPUTED_VALUE"""),56.22) -> 56.22 | G48: =IFERROR(__xludf.DUMMYFUNCTION("""COMPUTED_VALUE"""),27.81) -> 27.81 | H48: =IFERROR(__xludf.DUMMYFUNCTION("""COMPUTED_VALUE"""),27.74) -> 27.74 | I48: =IFERROR(__xludf.DUMMYFUNCTION("""COMPUTED_VALUE"""),129.96) -> 129.96 | J48: =IFERROR(__xludf.DUMMYFUNCTION("""COMPUTED_VALUE"""),242.19) -> 242.19 | K48: =IFERROR(__xludf.DUMMYFUNCTION("""COMPUTED_VALUE"""),124.26) -> 124.26 | L48: =IFERROR(__xludf.DUMMYFUNCTION("""COMPUTED_VALUE"""),88.44) -> 88.44 | M48: =IFERROR(__xludf.DUMMYFUNCTION("""COMPUTED_VALUE"""),59.1) -> 59.1 | N48: =IFERROR(__xludf.DUMMYFUNCTION("""COMPUTED_VALUE"""),62.43) -> 62.43 | O48: =IFERROR(__xludf.DUMMYFUNCTION("""COMPUTED_VALUE"""),59.24) -> 59.24 | P48: =IFERROR(__xludf.DUMMYFUNCTION("""COMPUTED_VALUE"""),75.17) -> 75.17 | Q48: =IFERROR(__xludf.DUMMYFUNCTION("""COMPUTED_VALUE"""),104.56) -> 104.56 | R48: =IFERROR(__xludf.DUMMYFUNCTION("""COMPUTED_VALUE"""),82.24) -> 82.24 | S48: =IFERROR(__xludf.DUMMYFUNCTION("""COMPUTED_VALUE"""),57.08) -> 57.08 | T48: =IFERROR(__xludf.DUMMYFUNCTION("""COMPUTED_VALUE"""),25.84) -> 25.84 | U48: =IFERROR(__xludf.DUMMYFUNCTION("""COMPUTED_VALUE"""),75.47) -> 75.47 | V48: =IFERROR(__xludf.DUMMYFUNCTION("""COMPUTED_VALUE"""),76.82) -> 76.82 | W48: =IFERROR(__xludf.DUMMYFUNCTION("""COMPUTED_VALUE"""),36.97) -> 36.97 | X48: =IFERROR(__xludf.DUMMYFUNCTION("""COMPUTED_VALUE"""),90.47) -> 90.47 | Y48: =IFERROR(__xludf.DUMMYFUNCTION("""COMPUTED_VALUE"""),53.43) -> 53.43 | Z48: =IFERROR(__xludf.DUMMYFUNCTION("""COMPUTED_VALUE"""),81.49) -> 81.49 | AA48: =IFERROR(__xludf.DUMMYFUNCTION("""COMPUTED_VALUE"""),46.17) -> 46.17 | AB48: =IFERROR(__xludf.DUMMYFUNCTION("""COMPUTED_VALUE"""),69.95) -> 69.95 | AC48: =IFERROR(__xludf.DUMMYFUNCTION("""COMPUTED_VALUE"""),58.39) -> 58.39 | AD48: =IFERROR(__xludf.DUMMYFUNCTION("""COMPUTED_VALUE"""),16.32) -> 16.32 | AE48: =IFERROR(__xludf.DUMMYFUNCTION("""COMPUTED_VALUE"""),26.32) -> 26.32 | AF48: =IFERROR(__xludf.DUMMYFUNCTION("""COMPUTED_VALUE"""),5.41) -> 5.41 | AG48: =IFERROR(__xludf.DUMMYFUNCTION("""COMPUTED_VALUE"""),62.96) -> 62.96
A49: =IFERROR(__xludf.DUMMYFUNCTION("""COMPUTED_VALUE"""),44630.6666666666) -> 44630.667 | B49: =IFERROR(__xludf.DUMMYFUNCTION("""COMPUTED_VALUE"""),146.64) -> 146.64 | C49: =IFERROR(__xludf.DUMMYFUNCTION("""COMPUTED_VALUE"""),382.88) -> 382.88 | D49: =IFERROR(__xludf.DUMMYFUNCTION("""COMPUTED_VALUE"""),95.2) -> 95.2 | E49: =IFERROR(__xludf.DUMMYFUNCTION("""COMPUTED_VALUE"""),147.98) -> 147.98 | F49: =IFERROR(__xludf.DUMMYFUNCTION("""COMPUTED_VALUE"""),55.86) -> 55.86 | G49: =IFERROR(__xludf.DUMMYFUNCTION("""COMPUTED_VALUE"""),27.33) -> 27.33 | H49: =IFERROR(__xludf.DUMMYFUNCTION("""COMPUTED_VALUE"""),27.37) -> 27.37 | I49: =IFERROR(__xludf.DUMMYFUNCTION("""COMPUTED_VALUE"""),129.91) -> 129.91 | J49: =IFERROR(__xludf.DUMMYFUNCTION("""COMPUTED_VALUE"""),241.97) -> 241.97 | K49: =IFERROR(__xludf.DUMMYFUNCTION("""COMPUTED_VALUE"""),123) -> 123 | L49: =IFERROR(__xludf.DUMMYFUNCTION("""COMPUTED_VALUE"""),87.98) -> 87.98 | M49: =IFERROR(__xludf.DUMMYFUNCTION("""COMPUTED_VALUE"""),58.63) -> 58.63 | N49: =IFERROR(__xludf.DUMMYFUNCTION("""COMPUTED_VALUE"""),62.39) -> 62.39 | O49: =IFERROR(__xludf.DUMMYFUNCTION("""COMPUTED_VALUE"""),58.4) -> 58.4 | P49: =IFERROR(__xludf.DUMMYFUNCTION("""COMPUTED_VALUE"""),77.47) -> 77.47 | Q49: =IFERROR(__xludf.DUMMYFUNCTION("""COMPUTED_VALUE"""),107.62) -> 107.62 | R49: =IFERROR(__xludf.DUMMYFUNCTION("""COMPUTED_VALUE"""),82.46) -> 82.46 | S49: =IFERROR(__xludf.DUMMYFUNCTION("""COMPUTED_VALUE"""),59.69) -> 59.69 | T49: =IFERROR(__xludf.DUMMYFUNCTION("""COMPUTED_VALUE"""),25.53) -> 25.53 | U49: =IFERROR(__xludf.DUMMYFUNCTION("""COMPUTED_VALUE"""),74.06) -> 74.06 | V49: =IFERROR(__xludf.DUMMYFUNCTION("""COMPUTED_VALUE"""),75) -> 75 | W49: =IFERROR(__xludf.DUMMYFUNCTION("""COMPUTED_VALUE"""),36.66) -> 36.66 | X49: =IFERROR(__xludf.DUMMYFUNCTION("""COMPUTED_VALUE"""),89.83) -> 89.83 | Y49: =IFERROR(__xludf.DUMMYFUNCTION("""COMPUTED_VALUE"""),53.24) -> 53.24 | Z49: =IFERROR(__xludf.DUMMYFUNCTION("""COMPUTED_VALUE"""),80.85) -> 80.85 | AA49: =IFERROR(__xludf.DUMMYFUNCTION("""COMPUTED_VALUE"""),46.33) -> 46.33 | AB49: =IFERROR(__xludf.DUMMYFUNCTION("""COMPUTED_VALUE"""),70) -> 70 | AC49: =IFERROR(__xludf.DUMMYFUNCTION("""COMPUTED_VALUE"""),57.83) -> 57.83 | AD49: =IFERROR(__xludf.DUMMYFUNCTION("""COMPUTED_VALUE"""),15.41) -> 15.41 | AE49: =IFERROR(__xludf.DUMMYFUNCTION("""COMPUTED_VALUE"""),24.86) -> 24.86 | AF49: =IFERROR(__xludf.DUMMYFUNCTION("""COMPUTED_VALUE"""),5.45) -> 5.45 | AG49: =IFERROR(__xludf.DUMMYFUNCTION("""COMPUTED_VALUE"""),61.84) -> 61.84
A50: =IFERROR(__xludf.DUMMYFUNCTION("""COMPUTED_VALUE"""),44631.6666666666) -> 44631.667 | B50: =IFERROR(__xludf.DUMMYFUNCTION("""COMPUTED_VALUE"""),144.06) -> 144.06 | C50: =IFERROR(__xludf.DUMMYFUNCTION("""COMPUTED_VALUE"""),374.92) -> 374.92 | D50: =IFERROR(__xludf.DUMMYFUNCTION("""COMPUTED_VALUE"""),93.08) -> 93.08 | E50: =IFERROR(__xludf.DUMMYFUNCTION("""COMPUTED_VALUE"""),144.8) -> 144.8 | F50: =IFERROR(__xludf.DUMMYFUNCTION("""COMPUTED_VALUE"""),54.62) -> 54.62 | G50: =IFERROR(__xludf.DUMMYFUNCTION("""COMPUTED_VALUE"""),26.53) -> 26.53 | H50: =IFERROR(__xludf.DUMMYFUNCTION("""COMPUTED_VALUE"""),26.66) -> 26.66 | I50: =IFERROR(__xludf.DUMMYFUNCTION("""COMPUTED_VALUE"""),128.94) -> 128.94 | J50: =IFERROR(__xludf.DUMMYFUNCTION("""COMPUTED_VALUE"""),239.18) -> 239.18 | K50: =IFERROR(__xludf.DUMMYFUNCTION("""COMPUTED_VALUE"""),120.65) -> 120.65 | L50: =IFERROR(__xludf.DUMMYFUNCTION("""COMPUTED_VALUE"""),84.61) -> 84.61 | M50: =IFERROR(__xludf.DUMMYFUNCTION("""COMPUTED_VALUE"""),57.56) -> 57.56 | N50: =IFERROR(__xludf.DUMMYFUNCTION("""COMPUTED_VALUE"""),61.73) -> 61.73 | O50: =IFERROR(__xludf.DUMMYFUNCTION("""COMPUTED_VALUE"""),56.04) -> 56.04 | P50: =IFERROR(__xludf.DUMMYFUNCTION("""COMPUTED_VALUE"""),76.85) -> 76.85 | Q50: =IFERROR(__xludf.DUMMYFUNCTION("""COMPUTED_VALUE"""),106.63) -> 106.63 | R50: =IFERROR(__xludf.DUMMYFUNCTION("""COMPUTED_VALUE"""),81.85) -> 81.85 | S50: =IFERROR(__xludf.DUMMYFUNCTION("""COMPUTED_VALUE"""),58.31) -> 58.31 | T50: =IFERROR(__xludf.DUMMYFUNCTION("""COMPUTED_VALUE"""),25.97) -> 25.97 | U50: =IFERROR(__xludf.DUMMYFUNCTION("""COMPUTED_VALUE"""),76.4) -> 76.4 | V50: =IFERROR(__xludf.DUMMYFUNCTION("""COMPUTED_VALUE"""),73.63) -> 73.63 | W50: =IFERROR(__xludf.DUMMYFUNCTION("""COMPUTED_VALUE"""),36.4) -> 36.4 | X50: =IFERROR(__xludf.DUMMYFUNCTION("""COMPUTED_VALUE"""),89.22) -> 89.22 | Y50: =IFERROR(__xludf.DUMMYFUNCTION("""COMPUTED_VALUE"""),53.18) -> 53.18 | Z50: =IFERROR(__xludf.DUMMYFUNCTION("""COMPUTED_VALUE"""),80.31) -> 80.31 | AA50: =IFERROR(__xludf.DUMMYFUNCTION("""COMPUTED_VALUE"""),45.87) -> 45.87 | AB50: =IFERROR(__xludf.DUMMYFUNCTION("""COMPUTED_VALUE"""),70.02) -> 70.02 | AC50: =IFERROR(__xludf.DUMMYFUNCTION("""COMPUTED_VALUE"""),57.26) -> 57.26 | AD50: =IFERROR(__xludf.DUMMYFUNCTION("""COMPUTED_VALUE"""),14.9) -> 14.9 | AE50: =IFERROR(__xludf.DUMMYFUNCTION("""COMPUTED_VALUE"""),24.02) -> 24.02 | AF50: =IFERROR(__xludf.DUMMYFUNCTION("""COMPUTED_VALUE"""),5.42) -> 5.42 | AG50: =IFERROR(__xludf.DUMMYFUNCTION("""COMPUTED_VALUE"""),57.04) -> 57.04
A51: =IFERROR(__xludf.DUMMYFUNCTION("""COMPUTED_VALUE"""),44634.6666666666) -> 44634.667 | B51: =IFERROR(__xludf.DUMMYFUNCTION("""COMPUTED_VALUE"""),141.39) -> 141.39 | C51: =IFERROR(__xludf.DUMMYFUNCTION("""COMPUTED_VALUE"""),366.81) -> 366.81 | D51: =IFERROR(__xludf.DUMMYFUNCTION("""COMPUTED_VALUE"""),90.78) -> 90.78 | E51: =IFERROR(__xludf.DUMMYFUNCTION("""COMPUTED_VALUE"""),140.11) -> 140.11 | F51: =IFERROR(__xludf.DUMMYFUNCTION("""COMPUTED_VALUE"""),53.36) -> 53.36 | G51: =IFERROR(__xludf.DUMMYFUNCTION("""COMPUTED_VALUE"""),26.13) -> 26.13 | H51: =IFERROR(__xludf.DUMMYFUNCTION("""COMPUTED_VALUE"""),26.09) -> 26.09 | I51: =IFERROR(__xludf.DUMMYFUNCTION("""COMPUTED_VALUE"""),129.85) -> 129.85 | J51: =IFERROR(__xludf.DUMMYFUNCTION("""COMPUTED_VALUE"""),239.67) -> 239.67 | K51: =IFERROR(__xludf.DUMMYFUNCTION("""COMPUTED_VALUE"""),119.6) -> 119.6 | L51: =IFERROR(__xludf.DUMMYFUNCTION("""COMPUTED_VALUE"""),81.07) -> 81.07 | M51: =IFERROR(__xludf.DUMMYFUNCTION("""COMPUTED_VALUE"""),56.84) -> 56.84 | N51: =IFERROR(__xludf.DUMMYFUNCTION("""COMPUTED_VALUE"""),61.81) -> 61.81 | O51: =IFERROR(__xludf.DUMMYFUNCTION("""COMPUTED_VALUE"""),53.32) -> 53.32 | P51: =IFERROR(__xludf.DUMMYFUNCTION("""COMPUTED_VALUE"""),74.55) -> 74.55 | Q51: =IFERROR(__xludf.DUMMYFUNCTION("""COMPUTED_VALUE"""),103.24) -> 103.24 | R51: =IFERROR(__xludf.DUMMYFUNCTION("""COMPUTED_VALUE"""),81.73) -> 81.73 | S51: =IFERROR(__xludf.DUMMYFUNCTION("""COMPUTED_VALUE"""),54.96) -> 54.96 | T51: =IFERROR(__xludf.DUMMYFUNCTION("""COMPUTED_VALUE"""),25.21) -> 25.21 | U51: =IFERROR(__xludf.DUMMYFUNCTION("""COMPUTED_VALUE"""),72.84) -> 72.84 | V51: =IFERROR(__xludf.DUMMYFUNCTION("""COMPUTED_VALUE"""),69.1) -> 69.1 | W51: =IFERROR(__xludf.DUMMYFUNCTION("""COMPUTED_VALUE"""),36.86) -> 36.86 | X51: =IFERROR(__xludf.DUMMYFUNCTION("""COMPUTED_VALUE"""),90) -> 90 | Y51: =IFERROR(__xludf.DUMMYFUNCTION("""COMPUTED_VALUE"""),53.43) -> 53.43 | Z51: =IFERROR(__xludf.DUMMYFUNCTION("""COMPUTED_VALUE"""),81.03) -> 81.03 | AA51: =IFERROR(__xludf.DUMMYFUNCTION("""COMPUTED_VALUE"""),45.59) -> 45.59 | AB51: =IFERROR(__xludf.DUMMYFUNCTION("""COMPUTED_VALUE"""),70.39) -> 70.39 | AC51: =IFERROR(__xludf.DUMMYFUNCTION("""COMPUTED_VALUE"""),57.86) -> 57.86 | AD51: =IFERROR(__xludf.DUMMYFUNCTION("""COMPUTED_VALUE"""),15.1) -> 15.1 | AE51: =IFERROR(__xludf.DUMMYFUNCTION("""COMPUTED_VALUE"""),24.32) -> 24.32 | AF51: =IFERROR(__xludf.DUMMYFUNCTION("""COMPUTED_VALUE"""),5.27) -> 5.27 | AG51: =IFERROR(__xludf.DUMMYFUNCTION("""COMPUTED_VALUE"""),53.78) -> 53.78
A52: =IFERROR(__xludf.DUMMYFUNCTION("""COMPUTED_VALUE"""),44635.6666666666) -> 44635.667 | B52: =IFERROR(__xludf.DUMMYFUNCTION("""COMPUTED_VALUE"""),146.14) -> 146.14 | C52: =IFERROR(__xludf.DUMMYFUNCTION("""COMPUTED_VALUE"""),379.14) -> 379.14 | D52: =IFERROR(__xludf.DUMMYFUNCTION("""COMPUTED_VALUE"""),93.68) -> 93.68 | E52: =IFERROR(__xludf.DUMMYFUNCTION("""COMPUTED_VALUE"""),146.55) -> 146.55 | F52: =IFERROR(__xludf.DUMMYFUNCTION("""COMPUTED_VALUE"""),54.19) -> 54.19 | G52: =IFERROR(__xludf.DUMMYFUNCTION("""COMPUTED_VALUE"""),26.54) -> 26.54 | H52: =IFERROR(__xludf.DUMMYFUNCTION("""COMPUTED_VALUE"""),26.76) -> 26.76 | I52: =IFERROR(__xludf.DUMMYFUNCTION("""COMPUTED_VALUE"""),132.44) -> 132.44 | J52: =IFERROR(__xludf.DUMMYFUNCTION("""COMPUTED_VALUE"""),244.36) -> 244.36 | K52: =IFERROR(__xludf.DUMMYFUNCTION("""COMPUTED_VALUE"""),121.13) -> 121.13 | L52: =IFERROR(__xludf.DUMMYFUNCTION("""COMPUTED_VALUE"""),82.26) -> 82.26 | M52: =IFERROR(__xludf.DUMMYFUNCTION("""COMPUTED_VALUE"""),57.97) -> 57.97 | N52: =IFERROR(__xludf.DUMMYFUNCTION("""COMPUTED_VALUE"""),63) -> 63 | O52: =IFERROR(__xludf.DUMMYFUNCTION("""COMPUTED_VALUE"""),54.24) -> 54.24 | P52: =IFERROR(__xludf.DUMMYFUNCTION("""COMPUTED_VALUE"""),71.82) -> 71.82 | Q52: =IFERROR(__xludf.DUMMYFUNCTION("""COMPUTED_VALUE"""),99.76) -> 99.76 | R52: =IFERROR(__xludf.DUMMYFUNCTION("""COMPUTED_VALUE"""),82.67) -> 82.67 | S52: =IFERROR(__xludf.DUMMYFUNCTION("""COMPUTED_VALUE"""),55.6) -> 55.6 | T52: =IFERROR(__xludf.DUMMYFUNCTION("""COMPUTED_VALUE"""),24.59) -> 24.59 | U52: =IFERROR(__xludf.DUMMYFUNCTION("""COMPUTED_VALUE"""),68.63) -> 68.63 | V52: =IFERROR(__xludf.DUMMYFUNCTION("""COMPUTED_VALUE"""),71.33) -> 71.33 | W52: =IFERROR(__xludf.DUMMYFUNCTION("""COMPUTED_VALUE"""),37.38) -> 37.38 | X52: =IFERROR(__xludf.DUMMYFUNCTION("""COMPUTED_VALUE"""),91.11) -> 91.11 | Y52: =IFERROR(__xludf.DUMMYFUNCTION("""COMPUTED_VALUE"""),53.59) -> 53.59 | Z52: =IFERROR(__xludf.DUMMYFUNCTION("""COMPUTED_VALUE"""),82.09) -> 82.09 | AA52: =IFERROR(__xludf.DUMMYFUNCTION("""COMPUTED_VALUE"""),45.95) -> 45.95 | AB52: =IFERROR(__xludf.DUMMYFUNCTION("""COMPUTED_VALUE"""),70.6) -> 70.6 | AC52: =IFERROR(__xludf.DUMMYFUNCTION("""COMPUTED_VALUE"""),58.71) -> 58.71 | AD52: =IFERROR(__xludf.DUMMYFUNCTION("""COMPUTED_VALUE"""),15.47) -> 15.47 | AE52: =IFERROR(__xludf.DUMMYFUNCTION("""COMPUTED_VALUE"""),24.95) -> 24.95 | AF52: =IFERROR(__xludf.DUMMYFUNCTION("""COMPUTED_VALUE"""),5.06) -> 5.06 | AG52: =IFERROR(__xludf.DUMMYFUNCTION("""COMPUTED_VALUE"""),55.2) -> 55.2
A53: =IFERROR(__xludf.DUMMYFUNCTION("""COMPUTED_VALUE"""),44636.6666666666) -> 44636.667 | B53: =IFERROR(__xludf.DUMMYFUNCTION("""COMPUTED_VALUE"""),150.89) -> 150.89 | C53: =IFERROR(__xludf.DUMMYFUNCTION("""COMPUTED_VALUE"""),393.02) -> 393.02 | D53: =IFERROR(__xludf.DUMMYFUNCTION("""COMPUTED_VALUE"""),97.28) -> 97.28 | E53: =IFERROR(__xludf.DUMMYFUNCTION("""COMPUTED_VALUE"""),154.1) -> 154.1 | F53: =IFERROR(__xludf.DUMMYFUNCTION("""COMPUTED_VALUE"""),55.21) -> 55.21 | G53: =IFERROR(__xludf.DUMMYFUNCTION("""COMPUTED_VALUE"""),27.86) -> 27.86 | H53: =IFERROR(__xludf.DUMMYFUNCTION("""COMPUTED_VALUE"""),28.05) -> 28.05 | I53: =IFERROR(__xludf.DUMMYFUNCTION("""COMPUTED_VALUE"""),134.03) -> 134.03 | J53: =IFERROR(__xludf.DUMMYFUNCTION("""COMPUTED_VALUE"""),248.34) -> 248.34 | K53: =IFERROR(__xludf.DUMMYFUNCTION("""COMPUTED_VALUE"""),125.97) -> 125.97 | L53: =IFERROR(__xludf.DUMMYFUNCTION("""COMPUTED_VALUE"""),86.19) -> 86.19 | M53: =IFERROR(__xludf.DUMMYFUNCTION("""COMPUTED_VALUE"""),59.85) -> 59.85 | N53: =IFERROR(__xludf.DUMMYFUNCTION("""COMPUTED_VALUE"""),64.02) -> 64.02 | O53: =IFERROR(__xludf.DUMMYFUNCTION("""COMPUTED_VALUE"""),58.08) -> 58.08 | P53: =IFERROR(__xludf.DUMMYFUNCTION("""COMPUTED_VALUE"""),71.49) -> 71.49 | Q53: =IFERROR(__xludf.DUMMYFUNCTION("""COMPUTED_VALUE"""),99.48) -> 99.48 | R53: =IFERROR(__xludf.DUMMYFUNCTION("""COMPUTED_VALUE"""),83.97) -> 83.97 | S53: =IFERROR(__xludf.DUMMYFUNCTION("""COMPUTED_VALUE"""),55.86) -> 55.86 | T53: =IFERROR(__xludf.DUMMYFUNCTION("""COMPUTED_VALUE"""),24.38) -> 24.38 | U53: =IFERROR(__xludf.DUMMYFUNCTION("""COMPUTED_VALUE"""),68.28) -> 68.28 | V53: =IFERROR(__xludf.DUMMYFUNCTION("""COMPUTED_VALUE"""),75.61) -> 75.61 | W53: =IFERROR(__xludf.DUMMYFUNCTION("""COMPUTED_VALUE"""),38.43) -> 38.43 | X53: =IFERROR(__xludf.DUMMYFUNCTION("""COMPUTED_VALUE"""),93.83) -> 93.83 | Y53: =IFERROR(__xludf.DUMMYFUNCTION("""COMPUTED_VALUE"""),55.24) -> 55.24 | Z53: =IFERROR(__xludf.DUMMYFUNCTION("""COMPUTED_VALUE"""),84.54) -> 84.54 | AA53: =IFERROR(__xludf.DUMMYFUNCTION("""COMPUTED_VALUE"""),46.46) -> 46.46 | AB53: =IFERROR(__xludf.DUMMYFUNCTION("""COMPUTED_VALUE"""),72.82) -> 72.82 | AC53: =IFERROR(__xludf.DUMMYFUNCTION("""COMPUTED_VALUE"""),60.84) -> 60.84 | AD53: =IFERROR(__xludf.DUMMYFUNCTION("""COMPUTED_VALUE"""),15.94) -> 15.94 | AE53: =IFERROR(__xludf.DUMMYFUNCTION("""COMPUTED_VALUE"""),25.66) -> 25.66 | AF53: =IFERROR(__xludf.DUMMYFUNCTION("""COMPUTED_VALUE"""),5.16) -> 5.16 | AG53: =IFERROR(__xludf.DUMMYFUNCTION("""COMPUTED_VALUE"""),61.22) -> 61.22
A54: =IFERROR(__xludf.DUMMYFUNCTION("""COMPUTED_VALUE"""),44637.6666666666) -> 44637.667 | B54: =IFERROR(__xludf.DUMMYFUNCTION("""COMPUTED_VALUE"""),151.96) -> 151.96 | C54: =IFERROR(__xludf.DUMMYFUNCTION("""COMPUTED_VALUE"""),397.29) -> 397.29 | D54: =IFERROR(__xludf.DUMMYFUNCTION("""COMPUTED_VALUE"""),98.36) -> 98.36 | E54: =IFERROR(__xludf.DUMMYFUNCTION("""COMPUTED_VALUE"""),155.05) -> 155.05 | F54: =IFERROR(__xludf.DUMMYFUNCTION("""COMPUTED_VALUE"""),56.24) -> 56.24 | G54: =IFERROR(__xludf.DUMMYFUNCTION("""COMPUTED_VALUE"""),28.75) -> 28.75 | H54: =IFERROR(__xludf.DUMMYFUNCTION("""COMPUTED_VALUE"""),28.55) -> 28.55 | I54: =IFERROR(__xludf.DUMMYFUNCTION("""COMPUTED_VALUE"""),136.15) -> 136.15 | J54: =IFERROR(__xludf.DUMMYFUNCTION("""COMPUTED_VALUE"""),253) -> 253 | K54: =IFERROR(__xludf.DUMMYFUNCTION("""COMPUTED_VALUE"""),128.62) -> 128.62 | L54: =IFERROR(__xludf.DUMMYFUNCTION("""COMPUTED_VALUE"""),89.56) -> 89.56 | M54: =IFERROR(__xludf.DUMMYFUNCTION("""COMPUTED_VALUE"""),61) -> 61 | N54: =IFERROR(__xludf.DUMMYFUNCTION("""COMPUTED_VALUE"""),65.15) -> 65.15 | O54: =IFERROR(__xludf.DUMMYFUNCTION("""COMPUTED_VALUE"""),60) -> 60 | P54: =IFERROR(__xludf.DUMMYFUNCTION("""COMPUTED_VALUE"""),73.95) -> 73.95 | Q54: =IFERROR(__xludf.DUMMYFUNCTION("""COMPUTED_VALUE"""),103.03) -> 103.03 | R54: =IFERROR(__xludf.DUMMYFUNCTION("""COMPUTED_VALUE"""),85.58) -> 85.58 | S54: =IFERROR(__xludf.DUMMYFUNCTION("""COMPUTED_VALUE"""),58.3) -> 58.3 | T54: =IFERROR(__xludf.DUMMYFUNCTION("""COMPUTED_VALUE"""),25.55) -> 25.55 | U54: =IFERROR(__xludf.DUMMYFUNCTION("""COMPUTED_VALUE"""),73.68) -> 73.68 | V54: =IFERROR(__xludf.DUMMYFUNCTION("""COMPUTED_VALUE"""),75.18) -> 75.18 | W54: =IFERROR(__xludf.DUMMYFUNCTION("""COMPUTED_VALUE"""),38.91) -> 38.91 | X54: =IFERROR(__xludf.DUMMYFUNCTION("""COMPUTED_VALUE"""),94.76) -> 94.76 | Y54: =IFERROR(__xludf.DUMMYFUNCTION("""COMPUTED_VALUE"""),54.66) -> 54.66 | Z54: =IFERROR(__xludf.DUMMYFUNCTION("""COMPUTED_VALUE"""),85.45) -> 85.45 | AA54: =IFERROR(__xludf.DUMMYFUNCTION("""COMPUTED_VALUE"""),47.12) -> 47.12 | AB54: =IFERROR(__xludf.DUMMYFUNCTION("""COMPUTED_VALUE"""),72.03) -> 72.03 | AC54: =IFERROR(__xludf.DUMMYFUNCTION("""COMPUTED_VALUE"""),61.31) -> 61.31 | AD54: =IFERROR(__xludf.DUMMYFUNCTION("""COMPUTED_VALUE"""),15.91) -> 15.91 | AE54: =IFERROR(__xludf.DUMMYFUNCTION("""COMPUTED_VALUE"""),25.65) -> 25.65 | AF54: =IFERROR(__xludf.DUMMYFUNCTION("""COMPUTED_VALUE"""),5.58) -> 5.58 | AG54: =IFERROR(__xludf.DUMMYFUNCTION("""COMPUTED_VALUE"""),64.04) -> 64.04
A55: =IFERROR(__xludf.DUMMYFUNCTION("""COMPUTED_VALUE"""),44638.6666666666) -> 44638.667 | B55: =IFERROR(__xludf.DUMMYFUNCTION("""COMPUTED_VALUE"""),155.07) -> 155.07 | C55: =IFERROR(__xludf.DUMMYFUNCTION("""COMPUTED_VALUE"""),406.39) -> 406.39 | D55: =IFERROR(__xludf.DUMMYFUNCTION("""COMPUTED_VALUE"""),100.56) -> 100.56 | E55: =IFERROR(__xludf.DUMMYFUNCTION("""COMPUTED_VALUE"""),158.08) -> 158.08 | F55: =IFERROR(__xludf.DUMMYFUNCTION("""COMPUTED_VALUE"""),57.11) -> 57.11 | G55: =IFERROR(__xludf.DUMMYFUNCTION("""COMPUTED_VALUE"""),29.56) -> 29.56 | H55: =IFERROR(__xludf.DUMMYFUNCTION("""COMPUTED_VALUE"""),29.15) -> 29.15 | I55: =IFERROR(__xludf.DUMMYFUNCTION("""COMPUTED_VALUE"""),136.99) -> 136.99 | J55: =IFERROR(__xludf.DUMMYFUNCTION("""COMPUTED_VALUE"""),254.92) -> 254.92 | K55: =IFERROR(__xludf.DUMMYFUNCTION("""COMPUTED_VALUE"""),130.99) -> 130.99 | L55: =IFERROR(__xludf.DUMMYFUNCTION("""COMPUTED_VALUE"""),92.16) -> 92.16 | M55: =IFERROR(__xludf.DUMMYFUNCTION("""COMPUTED_VALUE"""),62.31) -> 62.31 | N55: =IFERROR(__xludf.DUMMYFUNCTION("""COMPUTED_VALUE"""),65.43) -> 65.43 | O55: =IFERROR(__xludf.DUMMYFUNCTION("""COMPUTED_VALUE"""),61.4) -> 61.4 | P55: =IFERROR(__xludf.DUMMYFUNCTION("""COMPUTED_VALUE"""),73.88) -> 73.88 | Q55: =IFERROR(__xludf.DUMMYFUNCTION("""COMPUTED_VALUE"""),103.01) -> 103.01 | R55: =IFERROR(__xludf.DUMMYFUNCTION("""COMPUTED_VALUE"""),86.1) -> 86.1 | S55: =IFERROR(__xludf.DUMMYFUNCTION("""COMPUTED_VALUE"""),58.56) -> 58.56 | T55: =IFERROR(__xludf.DUMMYFUNCTION("""COMPUTED_VALUE"""),25.67) -> 25.67 | U55: =IFERROR(__xludf.DUMMYFUNCTION("""COMPUTED_VALUE"""),74.64) -> 74.64 | V55: =IFERROR(__xludf.DUMMYFUNCTION("""COMPUTED_VALUE"""),76.04) -> 76.04 | W55: =IFERROR(__xludf.DUMMYFUNCTION("""COMPUTED_VALUE"""),39) -> 39 | X55: =IFERROR(__xludf.DUMMYFUNCTION("""COMPUTED_VALUE"""),95.18) -> 95.18 | Y55: =IFERROR(__xludf.DUMMYFUNCTION("""COMPUTED_VALUE"""),54.59) -> 54.59 | Z55: =IFERROR(__xludf.DUMMYFUNCTION("""COMPUTED_VALUE"""),85.87) -> 85.87 | AA55: =IFERROR(__xludf.DUMMYFUNCTION("""COMPUTED_VALUE"""),47.23) -> 47.23 | AB55: =IFERROR(__xludf.DUMMYFUNCTION("""COMPUTED_VALUE"""),71.89) -> 71.89 | AC55: =IFERROR(__xludf.DUMMYFUNCTION("""COMPUTED_VALUE"""),61.8) -> 61.8 | AD55: =IFERROR(__xludf.DUMMYFUNCTION("""COMPUTED_VALUE"""),16.37) -> 16.37 | AE55: =IFERROR(__xludf.DUMMYFUNCTION("""COMPUTED_VALUE"""),26.43) -> 26.43 | AF55: =IFERROR(__xludf.DUMMYFUNCTION("""COMPUTED_VALUE"""),5.66) -> 5.66 | AG55: =IFERROR(__xludf.DUMMYFUNCTION("""COMPUTED_VALUE"""),67.72) -> 67.72
A56: =IFERROR(__xludf.DUMMYFUNCTION("""COMPUTED_VALUE"""),44641.6666666666) -> 44641.667 | B56: =IFERROR(__xludf.DUMMYFUNCTION("""COMPUTED_VALUE"""),154.49) -> 154.49 | C56: =IFERROR(__xludf.DUMMYFUNCTION("""COMPUTED_VALUE"""),405.36) -> 405.36 | D56: =IFERROR(__xludf.DUMMYFUNCTION("""COMPUTED_VALUE"""),100.37) -> 100.37 | E56: =IFERROR(__xludf.DUMMYFUNCTION("""COMPUTED_VALUE"""),157.76) -> 157.76 | F56: =IFERROR(__xludf.DUMMYFUNCTION("""COMPUTED_VALUE"""),56.86) -> 56.86 | G56: =IFERROR(__xludf.DUMMYFUNCTION("""COMPUTED_VALUE"""),29.39) -> 29.39 | H56: =IFERROR(__xludf.DUMMYFUNCTION("""COMPUTED_VALUE"""),28.83) -> 28.83 | I56: =IFERROR(__xludf.DUMMYFUNCTION("""COMPUTED_VALUE"""),136.46) -> 136.46 | J56: =IFERROR(__xludf.DUMMYFUNCTION("""COMPUTED_VALUE"""),254.28) -> 254.28 | K56: =IFERROR(__xludf.DUMMYFUNCTION("""COMPUTED_VALUE"""),129.23) -> 129.23 | L56: =IFERROR(__xludf.DUMMYFUNCTION("""COMPUTED_VALUE"""),89.02) -> 89.02 | M56: =IFERROR(__xludf.DUMMYFUNCTION("""COMPUTED_VALUE"""),61.39) -> 61.39 | N56: =IFERROR(__xludf.DUMMYFUNCTION("""COMPUTED_VALUE"""),65.3) -> 65.3 | O56: =IFERROR(__xludf.DUMMYFUNCTION("""COMPUTED_VALUE"""),60.2) -> 60.2 | P56: =IFERROR(__xludf.DUMMYFUNCTION("""COMPUTED_VALUE"""),76.13) -> 76.13 | Q56: =IFERROR(__xludf.DUMMYFUNCTION("""COMPUTED_VALUE"""),106.99) -> 106.99 | R56: =IFERROR(__xludf.DUMMYFUNCTION("""COMPUTED_VALUE"""),86.49) -> 86.49 | S56: =IFERROR(__xludf.DUMMYFUNCTION("""COMPUTED_VALUE"""),60.91) -> 60.91 | T56: =IFERROR(__xludf.DUMMYFUNCTION("""COMPUTED_VALUE"""),26.63) -> 26.63 | U56: =IFERROR(__xludf.DUMMYFUNCTION("""COMPUTED_VALUE"""),79.54) -> 79.54 | V56: =IFERROR(__xludf.DUMMYFUNCTION("""COMPUTED_VALUE"""),75.58) -> 75.58 | W56: =IFERROR(__xludf.DUMMYFUNCTION("""COMPUTED_VALUE"""),38.81) -> 38.81 | X56: =IFERROR(__xludf.DUMMYFUNCTION("""COMPUTED_VALUE"""),94.92) -> 94.92 | Y56: =IFERROR(__xludf.DUMMYFUNCTION("""COMPUTED_VALUE"""),53.94) -> 53.94 | Z56: =IFERROR(__xludf.DUMMYFUNCTION("""COMPUTED_VALUE"""),85.72) -> 85.72 | AA56: =IFERROR(__xludf.DUMMYFUNCTION("""COMPUTED_VALUE"""),46.72) -> 46.72 | AB56: =IFERROR(__xludf.DUMMYFUNCTION("""COMPUTED_VALUE"""),71.16) -> 71.16 | AC56: =IFERROR(__xludf.DUMMYFUNCTION("""COMPUTED_VALUE"""),61.3) -> 61.3 | AD56: =IFERROR(__xludf.DUMMYFUNCTION("""COMPUTED_VALUE"""),16.02) -> 16.02 | AE56: =IFERROR(__xludf.DUMMYFUNCTION("""COMPUTED_VALUE"""),25.85) -> 25.85 | AF56: =IFERROR(__xludf.DUMMYFUNCTION("""COMPUTED_VALUE"""),5.83) -> 5.83 | AG56: =IFERROR(__xludf.DUMMYFUNCTION("""COMPUTED_VALUE"""),66.8) -> 66.8
A57: =IFERROR(__xludf.DUMMYFUNCTION("""COMPUTED_VALUE"""),44642.6666666666) -> 44642.667 | B57: =IFERROR(__xludf.DUMMYFUNCTION("""COMPUTED_VALUE"""),156.71) -> 156.71 | C57: =IFERROR(__xludf.DUMMYFUNCTION("""COMPUTED_VALUE"""),411.85) -> 411.85 | D57: =IFERROR(__xludf.DUMMYFUNCTION("""COMPUTED_VALUE"""),102.15) -> 102.15 | E57: =IFERROR(__xludf.DUMMYFUNCTION("""COMPUTED_VALUE"""),158.64) -> 158.64 | F57: =IFERROR(__xludf.DUMMYFUNCTION("""COMPUTED_VALUE"""),58.33) -> 58.33 | G57: =IFERROR(__xludf.DUMMYFUNCTION("""COMPUTED_VALUE"""),29.46) -> 29.46 | H57: =IFERROR(__xludf.DUMMYFUNCTION("""COMPUTED_VALUE"""),29.29) -> 29.29 | I57: =IFERROR(__xludf.DUMMYFUNCTION("""COMPUTED_VALUE"""),136.49) -> 136.49 | J57: =IFERROR(__xludf.DUMMYFUNCTION("""COMPUTED_VALUE"""),254.79) -> 254.79 | K57: =IFERROR(__xludf.DUMMYFUNCTION("""COMPUTED_VALUE"""),131.69) -> 131.69 | L57: =IFERROR(__xludf.DUMMYFUNCTION("""COMPUTED_VALUE"""),92.21) -> 92.21 | M57: =IFERROR(__xludf.DUMMYFUNCTION("""COMPUTED_VALUE"""),62.09) -> 62.09 | N57: =IFERROR(__xludf.DUMMYFUNCTION("""COMPUTED_VALUE"""),65.44) -> 65.44 | O57: =IFERROR(__xludf.DUMMYFUNCTION("""COMPUTED_VALUE"""),61.56) -> 61.56 | P57: =IFERROR(__xludf.DUMMYFUNCTION("""COMPUTED_VALUE"""),75.57) -> 75.57 | Q57: =IFERROR(__xludf.DUMMYFUNCTION("""COMPUTED_VALUE"""),106.3) -> 106.3 | R57: =IFERROR(__xludf.DUMMYFUNCTION("""COMPUTED_VALUE"""),86.96) -> 86.96 | S57: =IFERROR(__xludf.DUMMYFUNCTION("""COMPUTED_VALUE"""),60.53) -> 60.53 | T57: =IFERROR(__xludf.DUMMYFUNCTION("""COMPUTED_VALUE"""),26.57) -> 26.57 | U57: =IFERROR(__xludf.DUMMYFUNCTION("""COMPUTED_VALUE"""),78.56) -> 78.56 | V57: =IFERROR(__xludf.DUMMYFUNCTION("""COMPUTED_VALUE"""),76.75) -> 76.75 | W57: =IFERROR(__xludf.DUMMYFUNCTION("""COMPUTED_VALUE"""),39.44) -> 39.44 | X57: =IFERROR(__xludf.DUMMYFUNCTION("""COMPUTED_VALUE"""),96.54) -> 96.54 | Y57: =IFERROR(__xludf.DUMMYFUNCTION("""COMPUTED_VALUE"""),54.87) -> 54.87 | Z57: =IFERROR(__xludf.DUMMYFUNCTION("""COMPUTED_VALUE"""),87.13) -> 87.13 | AA57: =IFERROR(__xludf.DUMMYFUNCTION("""COMPUTED_VALUE"""),46.75) -> 46.75 | AB57: =IFERROR(__xludf.DUMMYFUNCTION("""COMPUTED_VALUE"""),72.35) -> 72.35 | AC57: =IFERROR(__xludf.DUMMYFUNCTION("""COMPUTED_VALUE"""),62.49) -> 62.49 | AD57: =IFERROR(__xludf.DUMMYFUNCTION("""COMPUTED_VALUE"""),16.48) -> 16.48 | AE57: =IFERROR(__xludf.DUMMYFUNCTION("""COMPUTED_VALUE"""),26.58) -> 26.58 | AF57: =IFERROR(__xludf.DUMMYFUNCTION("""COMPUTED_VALUE"""),6.01) -> 6.01 | AG57: =IFERROR(__xludf.DUMMYFUNCTION("""COMPUTED_VALUE"""),70.32) -> 70.32
A58: =IFERROR(__xludf.DUMMYFUNCTION("""COMPUTED_VALUE"""),44643.6666666666) -> 44643.667 | B58: =IFERROR(__xludf.DUMMYFUNCTION("""COMPUTED_VALUE"""),154.3) -> 154.3 | C58: =IFERROR(__xludf.DUMMYFUNCTION("""COMPUTED_VALUE"""),405.58) -> 405.58 | D58: =IFERROR(__xludf.DUMMYFUNCTION("""COMPUTED_VALUE"""),100.52) -> 100.52 | E58: =IFERROR(__xludf.DUMMYFUNCTION("""COMPUTED_VALUE"""),154.64) -> 154.64 | F58: =IFERROR(__xludf.DUMMYFUNCTION("""COMPUTED_VALUE"""),57.89) -> 57.89 | G58: =IFERROR(__xludf.DUMMYFUNCTION("""COMPUTED_VALUE"""),28.75) -> 28.75 | H58: =IFERROR(__xludf.DUMMYFUNCTION("""COMPUTED_VALUE"""),28.83) -> 28.83 | I58: =IFERROR(__xludf.DUMMYFUNCTION("""COMPUTED_VALUE"""),134.04) -> 134.04 | J58: =IFERROR(__xludf.DUMMYFUNCTION("""COMPUTED_VALUE"""),249.71) -> 249.71 | K58: =IFERROR(__xludf.DUMMYFUNCTION("""COMPUTED_VALUE"""),128.37) -> 128.37 | L58: =IFERROR(__xludf.DUMMYFUNCTION("""COMPUTED_VALUE"""),89.86) -> 89.86 | M58: =IFERROR(__xludf.DUMMYFUNCTION("""COMPUTED_VALUE"""),60.77) -> 60.77 | N58: =IFERROR(__xludf.DUMMYFUNCTION("""COMPUTED_VALUE"""),64.21) -> 64.21 | O58: =IFERROR(__xludf.DUMMYFUNCTION("""COMPUTED_VALUE"""),60) -> 60 | P58: =IFERROR(__xludf.DUMMYFUNCTION("""COMPUTED_VALUE"""),76.87) -> 76.87 | Q58: =IFERROR(__xludf.DUMMYFUNCTION("""COMPUTED_VALUE"""),108.15) -> 108.15 | R58: =IFERROR(__xludf.DUMMYFUNCTION("""COMPUTED_VALUE"""),86.56) -> 86.56 | S58: =IFERROR(__xludf.DUMMYFUNCTION("""COMPUTED_VALUE"""),61.62) -> 61.62 | T58: =IFERROR(__xludf.DUMMYFUNCTION("""COMPUTED_VALUE"""),27.23) -> 27.23 | U58: =IFERROR(__xludf.DUMMYFUNCTION("""COMPUTED_VALUE"""),81.95) -> 81.95 | V58: =IFERROR(__xludf.DUMMYFUNCTION("""COMPUTED_VALUE"""),76.19) -> 76.19 | W58: =IFERROR(__xludf.DUMMYFUNCTION("""COMPUTED_VALUE"""),38.71) -> 38.71 | X58: =IFERROR(__xludf.DUMMYFUNCTION("""COMPUTED_VALUE"""),94.63) -> 94.63 | Y58: =IFERROR(__xludf.DUMMYFUNCTION("""COMPUTED_VALUE"""),53.18) -> 53.18 | Z58: =IFERROR(__xludf.DUMMYFUNCTION("""COMPUTED_VALUE"""),85.53) -> 85.53 | AA58: =IFERROR(__xludf.DUMMYFUNCTION("""COMPUTED_VALUE"""),46.22) -> 46.22 | AB58: =IFERROR(__xludf.DUMMYFUNCTION("""COMPUTED_VALUE"""),69.78) -> 69.78 | AC58: =IFERROR(__xludf.DUMMYFUNCTION("""COMPUTED_VALUE"""),61.04) -> 61.04 | AD58: =IFERROR(__xludf.DUMMYFUNCTION("""COMPUTED_VALUE"""),16.42) -> 16.42 | AE58: =IFERROR(__xludf.DUMMYFUNCTION("""COMPUTED_VALUE"""),26.5) -> 26.5 | AF58: =IFERROR(__xludf.DUMMYFUNCTION("""COMPUTED_VALUE"""),6.19) -> 6.19 | AG58: =IFERROR(__xludf.DUMMYFUNCTION("""COMPUTED_VALUE"""),70.2) -> 70.2
A59: =IFERROR(__xludf.DUMMYFUNCTION("""COMPUTED_VALUE"""),44644.6666666666) -> 44644.667 | B59: =IFERROR(__xludf.DUMMYFUNCTION("""COMPUTED_VALUE"""),158.31) -> 158.31 | C59: =IFERROR(__xludf.DUMMYFUNCTION("""COMPUTED_VALUE"""),415.49) -> 415.49 | D59: =IFERROR(__xludf.DUMMYFUNCTION("""COMPUTED_VALUE"""),103.36) -> 103.36 | E59: =IFERROR(__xludf.DUMMYFUNCTION("""COMPUTED_VALUE"""),162.14) -> 162.14 | F59: =IFERROR(__xludf.DUMMYFUNCTION("""COMPUTED_VALUE"""),58.69) -> 58.69 | G59: =IFERROR(__xludf.DUMMYFUNCTION("""COMPUTED_VALUE"""),29.41) -> 29.41 | H59: =IFERROR(__xludf.DUMMYFUNCTION("""COMPUTED_VALUE"""),29.3) -> 29.3 | I59: =IFERROR(__xludf.DUMMYFUNCTION("""COMPUTED_VALUE"""),135.64) -> 135.64 | J59: =IFERROR(__xludf.DUMMYFUNCTION("""COMPUTED_VALUE"""),252.37) -> 252.37 | K59: =IFERROR(__xludf.DUMMYFUNCTION("""COMPUTED_VALUE"""),130.03) -> 130.03 | L59: =IFERROR(__xludf.DUMMYFUNCTION("""COMPUTED_VALUE"""),91.77) -> 91.77 | M59: =IFERROR(__xludf.DUMMYFUNCTION("""COMPUTED_VALUE"""),61.88) -> 61.88 | N59: =IFERROR(__xludf.DUMMYFUNCTION("""COMPUTED_VALUE"""),64.98) -> 64.98 | O59: =IFERROR(__xludf.DUMMYFUNCTION("""COMPUTED_VALUE"""),60.88) -> 60.88 | P59: =IFERROR(__xludf.DUMMYFUNCTION("""COMPUTED_VALUE"""),77.06) -> 77.06 | Q59: =IFERROR(__xludf.DUMMYFUNCTION("""COMPUTED_VALUE"""),107.71) -> 107.71 | R59: =IFERROR(__xludf.DUMMYFUNCTION("""COMPUTED_VALUE"""),88.3) -> 88.3 | S59: =IFERROR(__xludf.DUMMYFUNCTION("""COMPUTED_VALUE"""),63.31) -> 63.31 | T59: =IFERROR(__xludf.DUMMYFUNCTION("""COMPUTED_VALUE"""),26.96) -> 26.96 | U59: =IFERROR(__xludf.DUMMYFUNCTION("""COMPUTED_VALUE"""),79.75) -> 79.75 | V59: =IFERROR(__xludf.DUMMYFUNCTION("""COMPUTED_VALUE"""),77.25) -> 77.25 | W59: =IFERROR(__xludf.DUMMYFUNCTION("""COMPUTED_VALUE"""),39.02) -> 39.02 | X59: =IFERROR(__xludf.DUMMYFUNCTION("""COMPUTED_VALUE"""),94.96) -> 94.96 | Y59: =IFERROR(__xludf.DUMMYFUNCTION("""COMPUTED_VALUE"""),53.65) -> 53.65 | Z59: =IFERROR(__xludf.DUMMYFUNCTION("""COMPUTED_VALUE"""),85.85) -> 85.85 | AA59: =IFERROR(__xludf.DUMMYFUNCTION("""COMPUTED_VALUE"""),46.58) -> 46.58 | AB59: =IFERROR(__xludf.DUMMYFUNCTION("""COMPUTED_VALUE"""),70.46) -> 70.46 | AC59: =IFERROR(__xludf.DUMMYFUNCTION("""COMPUTED_VALUE"""),61.24) -> 61.24 | AD59: =IFERROR(__xludf.DUMMYFUNCTION("""COMPUTED_VALUE"""),17.11) -> 17.11 | AE59: =IFERROR(__xludf.DUMMYFUNCTION("""COMPUTED_VALUE"""),27.63) -> 27.63 | AF59: =IFERROR(__xludf.DUMMYFUNCTION("""COMPUTED_VALUE"""),6.21) -> 6.21 | AG59: =IFERROR(__xludf.DUMMYFUNCTION("""COMPUTED_VALUE"""),73.56) -> 73.56
A60: =IFERROR(__xludf.DUMMYFUNCTION("""COMPUTED_VALUE"""),44645.6666666666) -> 44645.667 | B60: =IFERROR(__xludf.DUMMYFUNCTION("""COMPUTED_VALUE"""),158.22) -> 158.22 | C60: =IFERROR(__xludf.DUMMYFUNCTION("""COMPUTED_VALUE"""),414.52) -> 414.52 | D60: =IFERROR(__xludf.DUMMYFUNCTION("""COMPUTED_VALUE"""),103.15) -> 103.15 | E60: =IFERROR(__xludf.DUMMYFUNCTION("""COMPUTED_VALUE"""),161.77) -> 161.77 | F60: =IFERROR(__xludf.DUMMYFUNCTION("""COMPUTED_VALUE"""),58.49) -> 58.49 | G60: =IFERROR(__xludf.DUMMYFUNCTION("""COMPUTED_VALUE"""),29) -> 29 | H60: =IFERROR(__xludf.DUMMYFUNCTION("""COMPUTED_VALUE"""),29.04) -> 29.04 | I60: =IFERROR(__xludf.DUMMYFUNCTION("""COMPUTED_VALUE"""),136.27) -> 136.27 | J60: =IFERROR(__xludf.DUMMYFUNCTION("""COMPUTED_VALUE"""),252.94) -> 252.94 | K60: =IFERROR(__xludf.DUMMYFUNCTION("""COMPUTED_VALUE"""),128.16) -> 128.16 | L60: =IFERROR(__xludf.DUMMYFUNCTION("""COMPUTED_VALUE"""),89.62) -> 89.62 | M60: =IFERROR(__xludf.DUMMYFUNCTION("""COMPUTED_VALUE"""),61.41) -> 61.41 | N60: =IFERROR(__xludf.DUMMYFUNCTION("""COMPUTED_VALUE"""),65.19) -> 65.19 | O60: =IFERROR(__xludf.DUMMYFUNCTION("""COMPUTED_VALUE"""),59.44) -> 59.44 | P60: =IFERROR(__xludf.DUMMYFUNCTION("""COMPUTED_VALUE"""),78.75) -> 78.75 | Q60: =IFERROR(__xludf.DUMMYFUNCTION("""COMPUTED_VALUE"""),110.55) -> 110.55 | R60: =IFERROR(__xludf.DUMMYFUNCTION("""COMPUTED_VALUE"""),89.29) -> 89.29 | S60: =IFERROR(__xludf.DUMMYFUNCTION("""COMPUTED_VALUE"""),63.33) -> 63.33 | T60: =IFERROR(__xludf.DUMMYFUNCTION("""COMPUTED_VALUE"""),27.16) -> 27.16 | U60: =IFERROR(__xludf.DUMMYFUNCTION("""COMPUTED_VALUE"""),80.74) -> 80.74 | V60: =IFERROR(__xludf.DUMMYFUNCTION("""COMPUTED_VALUE"""),75.36) -> 75.36 | W60: =IFERROR(__xludf.DUMMYFUNCTION("""COMPUTED_VALUE"""),39.52) -> 39.52 | X60: =IFERROR(__xludf.DUMMYFUNCTION("""COMPUTED_VALUE"""),96.09) -> 96.09 | Y60: =IFERROR(__xludf.DUMMYFUNCTION("""COMPUTED_VALUE"""),54.5) -> 54.5 | Z60: =IFERROR(__xludf.DUMMYFUNCTION("""COMPUTED_VALUE"""),86.81) -> 86.81 | AA60: =IFERROR(__xludf.DUMMYFUNCTION("""COMPUTED_VALUE"""),47.13) -> 47.13 | AB60: =IFERROR(__xludf.DUMMYFUNCTION("""COMPUTED_VALUE"""),71.79) -> 71.79 | AC60: =IFERROR(__xludf.DUMMYFUNCTION("""COMPUTED_VALUE"""),61.73) -> 61.73 | AD60: =IFERROR(__xludf.DUMMYFUNCTION("""COMPUTED_VALUE"""),17.31) -> 17.31 | AE60: =IFERROR(__xludf.DUMMYFUNCTION("""COMPUTED_VALUE"""),27.94) -> 27.94 | AF60: =IFERROR(__xludf.DUMMYFUNCTION("""COMPUTED_VALUE"""),6.36) -> 6.36 | AG60: =IFERROR(__xludf.DUMMYFUNCTION("""COMPUTED_VALUE"""),71.16) -> 71.16
A61: =IFERROR(__xludf.DUMMYFUNCTION("""COMPUTED_VALUE"""),44648.6666666666) -> 44648.667 | B61: =IFERROR(__xludf.DUMMYFUNCTION("""COMPUTED_VALUE"""),160.1) -> 160.1 | C61: =IFERROR(__xludf.DUMMYFUNCTION("""COMPUTED_VALUE"""),419.64) -> 419.64 | D61: =IFERROR(__xludf.DUMMYFUNCTION("""COMPUTED_VALUE"""),104.43) -> 104.43 | E61: =IFERROR(__xludf.DUMMYFUNCTION("""COMPUTED_VALUE"""),163.03) -> 163.03 | F61: =IFERROR(__xludf.DUMMYFUNCTION("""COMPUTED_VALUE"""),58.93) -> 58.93 | G61: =IFERROR(__xludf.DUMMYFUNCTION("""COMPUTED_VALUE"""),29.08) -> 29.08 | H61: =IFERROR(__xludf.DUMMYFUNCTION("""COMPUTED_VALUE"""),29.24) -> 29.24 | I61: =IFERROR(__xludf.DUMMYFUNCTION("""COMPUTED_VALUE"""),137.26) -> 137.26 | J61: =IFERROR(__xludf.DUMMYFUNCTION("""COMPUTED_VALUE"""),254.89) -> 254.89 | K61: =IFERROR(__xludf.DUMMYFUNCTION("""COMPUTED_VALUE"""),129.07) -> 129.07 | L61: =IFERROR(__xludf.DUMMYFUNCTION("""COMPUTED_VALUE"""),89.71) -> 89.71 | M61: =IFERROR(__xludf.DUMMYFUNCTION("""COMPUTED_VALUE"""),61.65) -> 61.65 | N61: =IFERROR(__xludf.DUMMYFUNCTION("""COMPUTED_VALUE"""),65.64) -> 65.64 | O61: =IFERROR(__xludf.DUMMYFUNCTION("""COMPUTED_VALUE"""),59.68) -> 59.68 | P61: =IFERROR(__xludf.DUMMYFUNCTION("""COMPUTED_VALUE"""),76.8) -> 76.8 | Q61: =IFERROR(__xludf.DUMMYFUNCTION("""COMPUTED_VALUE"""),107.77) -> 107.77 | R61: =IFERROR(__xludf.DUMMYFUNCTION("""COMPUTED_VALUE"""),88.89) -> 88.89 | S61: =IFERROR(__xludf.DUMMYFUNCTION("""COMPUTED_VALUE"""),61.87) -> 61.87 | T61: =IFERROR(__xludf.DUMMYFUNCTION("""COMPUTED_VALUE"""),25.98) -> 25.98 | U61: =IFERROR(__xludf.DUMMYFUNCTION("""COMPUTED_VALUE"""),74.53) -> 74.53 | V61: =IFERROR(__xludf.DUMMYFUNCTION("""COMPUTED_VALUE"""),75.97) -> 75.97 | W61: =IFERROR(__xludf.DUMMYFUNCTION("""COMPUTED_VALUE"""),39.41) -> 39.41 | X61: =IFERROR(__xludf.DUMMYFUNCTION("""COMPUTED_VALUE"""),95.8) -> 95.8 | Y61: =IFERROR(__xludf.DUMMYFUNCTION("""COMPUTED_VALUE"""),54.07) -> 54.07 | Z61: =IFERROR(__xludf.DUMMYFUNCTION("""COMPUTED_VALUE"""),86.61) -> 86.61 | AA61: =IFERROR(__xludf.DUMMYFUNCTION("""COMPUTED_VALUE"""),47.73) -> 47.73 | AB61: =IFERROR(__xludf.DUMMYFUNCTION("""COMPUTED_VALUE"""),71.08) -> 71.08 | AC61: =IFERROR(__xludf.DUMMYFUNCTION("""COMPUTED_VALUE"""),61.57) -> 61.57 | AD61: =IFERROR(__xludf.DUMMYFUNCTION("""COMPUTED_VALUE"""),18.7) -> 18.7 | AE61: =IFERROR(__xludf.DUMMYFUNCTION("""COMPUTED_VALUE"""),30.13) -> 30.13 | AF61: =IFERROR(__xludf.DUMMYFUNCTION("""COMPUTED_VALUE"""),6.38) -> 6.38 | AG61: =IFERROR(__xludf.DUMMYFUNCTION("""COMPUTED_VALUE"""),76.84) -> 76.84
A62: =IFERROR(__xludf.DUMMYFUNCTION("""COMPUTED_VALUE"""),44649.6666666666) -> 44649.667 | B62: =IFERROR(__xludf.DUMMYFUNCTION("""COMPUTED_VALUE"""),163.5) -> 163.5 | C62: =IFERROR(__xludf.DUMMYFUNCTION("""COMPUTED_VALUE"""),428.92) -> 428.92 | D62: =IFERROR(__xludf.DUMMYFUNCTION("""COMPUTED_VALUE"""),106.45) -> 106.45 | E62: =IFERROR(__xludf.DUMMYFUNCTION("""COMPUTED_VALUE"""),166.77) -> 166.77 | F62: =IFERROR(__xludf.DUMMYFUNCTION("""COMPUTED_VALUE"""),59.28) -> 59.28 | G62: =IFERROR(__xludf.DUMMYFUNCTION("""COMPUTED_VALUE"""),29.96) -> 29.96 | H62: =IFERROR(__xludf.DUMMYFUNCTION("""COMPUTED_VALUE"""),29.95) -> 29.95 | I62: =IFERROR(__xludf.DUMMYFUNCTION("""COMPUTED_VALUE"""),138.07) -> 138.07 | J62: =IFERROR(__xludf.DUMMYFUNCTION("""COMPUTED_VALUE"""),257.09) -> 257.09 | K62: =IFERROR(__xludf.DUMMYFUNCTION("""COMPUTED_VALUE"""),132.71) -> 132.71 | L62: =IFERROR(__xludf.DUMMYFUNCTION("""COMPUTED_VALUE"""),93.55) -> 93.55 | M62: =IFERROR(__xludf.DUMMYFUNCTION("""COMPUTED_VALUE"""),63.12) -> 63.12 | N62: =IFERROR(__xludf.DUMMYFUNCTION("""COMPUTED_VALUE"""),66.24) -> 66.24 | O62: =IFERROR(__xludf.DUMMYFUNCTION("""COMPUTED_VALUE"""),62.2) -> 62.2 | P62: =IFERROR(__xludf.DUMMYFUNCTION("""COMPUTED_VALUE"""),76.6) -> 76.6 | Q62: =IFERROR(__xludf.DUMMYFUNCTION("""COMPUTED_VALUE"""),107.4) -> 107.4 | R62: =IFERROR(__xludf.DUMMYFUNCTION("""COMPUTED_VALUE"""),89.64) -> 89.64 | S62: =IFERROR(__xludf.DUMMYFUNCTION("""COMPUTED_VALUE"""),60.99) -> 60.99 | T62: =IFERROR(__xludf.DUMMYFUNCTION("""COMPUTED_VALUE"""),26.08) -> 26.08 | U62: =IFERROR(__xludf.DUMMYFUNCTION("""COMPUTED_VALUE"""),76.15) -> 76.15 | V62: =IFERROR(__xludf.DUMMYFUNCTION("""COMPUTED_VALUE"""),77.06) -> 77.06 | W62: =IFERROR(__xludf.DUMMYFUNCTION("""COMPUTED_VALUE"""),39.5) -> 39.5 | X62: =IFERROR(__xludf.DUMMYFUNCTION("""COMPUTED_VALUE"""),96.44) -> 96.44 | Y62: =IFERROR(__xludf.DUMMYFUNCTION("""COMPUTED_VALUE"""),54.95) -> 54.95 | Z62: =IFERROR(__xludf.DUMMYFUNCTION("""COMPUTED_VALUE"""),87.17) -> 87.17 | AA62: =IFERROR(__xludf.DUMMYFUNCTION("""COMPUTED_VALUE"""),49.13) -> 49.13 | AB62: =IFERROR(__xludf.DUMMYFUNCTION("""COMPUTED_VALUE"""),72.42) -> 72.42 | AC62: =IFERROR(__xludf.DUMMYFUNCTION("""COMPUTED_VALUE"""),62.5) -> 62.5 | AD62: =IFERROR(__xludf.DUMMYFUNCTION("""COMPUTED_VALUE"""),18.57) -> 18.57 | AE62: =IFERROR(__xludf.DUMMYFUNCTION("""COMPUTED_VALUE"""),29.98) -> 29.98 | AF62: =IFERROR(__xludf.DUMMYFUNCTION("""COMPUTED_VALUE"""),6.57) -> 6.57 | AG62: =IFERROR(__xludf.DUMMYFUNCTION("""COMPUTED_VALUE"""),76.92) -> 76.92
A63: =IFERROR(__xludf.DUMMYFUNCTION("""COMPUTED_VALUE"""),44650.6666666666) -> 44650.667 | B63: =IFERROR(__xludf.DUMMYFUNCTION("""COMPUTED_VALUE"""),161.32) -> 161.32 | C63: =IFERROR(__xludf.DUMMYFUNCTION("""COMPUTED_VALUE"""),422.42) -> 422.42 | D63: =IFERROR(__xludf.DUMMYFUNCTION("""COMPUTED_VALUE"""),104.8) -> 104.8 | E63: =IFERROR(__xludf.DUMMYFUNCTION("""COMPUTED_VALUE"""),161.43) -> 161.43 | F63: =IFERROR(__xludf.DUMMYFUNCTION("""COMPUTED_VALUE"""),58.9) -> 58.9 | G63: =IFERROR(__xludf.DUMMYFUNCTION("""COMPUTED_VALUE"""),29.5) -> 29.5 | H63: =IFERROR(__xludf.DUMMYFUNCTION("""COMPUTED_VALUE"""),29.46) -> 29.46 | I63: =IFERROR(__xludf.DUMMYFUNCTION("""COMPUTED_VALUE"""),138.34) -> 138.34 | J63: =IFERROR(__xludf.DUMMYFUNCTION("""COMPUTED_VALUE"""),257.2) -> 257.2 | K63: =IFERROR(__xludf.DUMMYFUNCTION("""COMPUTED_VALUE"""),130.97) -> 130.97 | L63: =IFERROR(__xludf.DUMMYFUNCTION("""COMPUTED_VALUE"""),90.68) -> 90.68 | M63: =IFERROR(__xludf.DUMMYFUNCTION("""COMPUTED_VALUE"""),62.17) -> 62.17 | N63: =IFERROR(__xludf.DUMMYFUNCTION("""COMPUTED_VALUE"""),66.25) -> 66.25 | O63: =IFERROR(__xludf.DUMMYFUNCTION("""COMPUTED_VALUE"""),60.68) -> 60.68 | P63: =IFERROR(__xludf.DUMMYFUNCTION("""COMPUTED_VALUE"""),77.49) -> 77.49 | Q63: =IFERROR(__xludf.DUMMYFUNCTION("""COMPUTED_VALUE"""),108.52) -> 108.52 | R63: =IFERROR(__xludf.DUMMYFUNCTION("""COMPUTED_VALUE"""),89.34) -> 89.34 | S63: =IFERROR(__xludf.DUMMYFUNCTION("""COMPUTED_VALUE"""),61.66) -> 61.66 | T63: =IFERROR(__xludf.DUMMYFUNCTION("""COMPUTED_VALUE"""),26.55) -> 26.55 | U63: =IFERROR(__xludf.DUMMYFUNCTION("""COMPUTED_VALUE"""),77.91) -> 77.91 | V63: =IFERROR(__xludf.DUMMYFUNCTION("""COMPUTED_VALUE"""),75.78) -> 75.78 | W63: =IFERROR(__xludf.DUMMYFUNCTION("""COMPUTED_VALUE"""),39.22) -> 39.22 | X63: =IFERROR(__xludf.DUMMYFUNCTION("""COMPUTED_VALUE"""),95.48) -> 95.48 | Y63: =IFERROR(__xludf.DUMMYFUNCTION("""COMPUTED_VALUE"""),53.44) -> 53.44 | Z63: =IFERROR(__xludf.DUMMYFUNCTION("""COMPUTED_VALUE"""),86.29) -> 86.29 | AA63: =IFERROR(__xludf.DUMMYFUNCTION("""COMPUTED_VALUE"""),48.86) -> 48.86 | AB63: =IFERROR(__xludf.DUMMYFUNCTION("""COMPUTED_VALUE"""),70.19) -> 70.19 | AC63: =IFERROR(__xludf.DUMMYFUNCTION("""COMPUTED_VALUE"""),61.53) -> 61.53 | AD63: =IFERROR(__xludf.DUMMYFUNCTION("""COMPUTED_VALUE"""),18.3) -> 18.3 | AE63: =IFERROR(__xludf.DUMMYFUNCTION("""COMPUTED_VALUE"""),29.5) -> 29.5 | AF63: =IFERROR(__xludf.DUMMYFUNCTION("""COMPUTED_VALUE"""),6.59) -> 6.59 | AG63: =IFERROR(__xludf.DUMMYFUNCTION("""COMPUTED_VALUE"""),73.24) -> 73.24
A64: =IFERROR(__xludf.DUMMYFUNCTION("""COMPUTED_VALUE"""),44651.6666666666) -> 44651.667 | B64: =IFERROR(__xludf.DUMMYFUNCTION("""COMPUTED_VALUE"""),158.93) -> 158.93 | C64: =IFERROR(__xludf.DUMMYFUNCTION("""COMPUTED_VALUE"""),416.48) -> 416.48 | D64: =IFERROR(__xludf.DUMMYFUNCTION("""COMPUTED_VALUE"""),103.04) -> 103.04 | E64: =IFERROR(__xludf.DUMMYFUNCTION("""COMPUTED_VALUE"""),157.76) -> 157.76 | F64: =IFERROR(__xludf.DUMMYFUNCTION("""COMPUTED_VALUE"""),58.72) -> 58.72 | G64: =IFERROR(__xludf.DUMMYFUNCTION("""COMPUTED_VALUE"""),29.01) -> 29.01 | H64: =IFERROR(__xludf.DUMMYFUNCTION("""COMPUTED_VALUE"""),29.04) -> 29.04 | I64: =IFERROR(__xludf.DUMMYFUNCTION("""COMPUTED_VALUE"""),136.99) -> 136.99 | J64: =IFERROR(__xludf.DUMMYFUNCTION("""COMPUTED_VALUE"""),254.38) -> 254.38 | K64: =IFERROR(__xludf.DUMMYFUNCTION("""COMPUTED_VALUE"""),130.3) -> 130.3 | L64: =IFERROR(__xludf.DUMMYFUNCTION("""COMPUTED_VALUE"""),89.88) -> 89.88 | M64: =IFERROR(__xludf.DUMMYFUNCTION("""COMPUTED_VALUE"""),62.03) -> 62.03 | N64: =IFERROR(__xludf.DUMMYFUNCTION("""COMPUTED_VALUE"""),65.66) -> 65.66 | O64: =IFERROR(__xludf.DUMMYFUNCTION("""COMPUTED_VALUE"""),60.12) -> 60.12 | P64: =IFERROR(__xludf.DUMMYFUNCTION("""COMPUTED_VALUE"""),76.44) -> 76.44 | Q64: =IFERROR(__xludf.DUMMYFUNCTION("""COMPUTED_VALUE"""),107.04) -> 107.04 | R64: =IFERROR(__xludf.DUMMYFUNCTION("""COMPUTED_VALUE"""),88.15) -> 88.15 | S64: =IFERROR(__xludf.DUMMYFUNCTION("""COMPUTED_VALUE"""),61.29) -> 61.29 | T64: =IFERROR(__xludf.DUMMYFUNCTION("""COMPUTED_VALUE"""),26.06) -> 26.06 | U64: =IFERROR(__xludf.DUMMYFUNCTION("""COMPUTED_VALUE"""),74.12) -> 74.12 | V64: =IFERROR(__xludf.DUMMYFUNCTION("""COMPUTED_VALUE"""),75.46) -> 75.46 | W64: =IFERROR(__xludf.DUMMYFUNCTION("""COMPUTED_VALUE"""),38.32) -> 38.32 | X64: =IFERROR(__xludf.DUMMYFUNCTION("""COMPUTED_VALUE"""),93.39) -> 93.39 | Y64: =IFERROR(__xludf.DUMMYFUNCTION("""COMPUTED_VALUE"""),52.35) -> 52.35 | Z64: =IFERROR(__xludf.DUMMYFUNCTION("""COMPUTED_VALUE"""),84.53) -> 84.53 | AA64: =IFERROR(__xludf.DUMMYFUNCTION("""COMPUTED_VALUE"""),48.32) -> 48.32 | AB64: =IFERROR(__xludf.DUMMYFUNCTION("""COMPUTED_VALUE"""),68.9) -> 68.9 | AC64: =IFERROR(__xludf.DUMMYFUNCTION("""COMPUTED_VALUE"""),60.11) -> 60.11 | AD64: =IFERROR(__xludf.DUMMYFUNCTION("""COMPUTED_VALUE"""),17.7) -> 17.7 | AE64: =IFERROR(__xludf.DUMMYFUNCTION("""COMPUTED_VALUE"""),28.56) -> 28.56 | AF64: =IFERROR(__xludf.DUMMYFUNCTION("""COMPUTED_VALUE"""),6.38) -> 6.38 | AG64: =IFERROR(__xludf.DUMMYFUNCTION("""COMPUTED_VALUE"""),69.8) -> 69.8
A65: =IFERROR(__xludf.DUMMYFUNCTION("""COMPUTED_VALUE"""),44652.6666666666) -> 44652.667 | B65: =IFERROR(__xludf.DUMMYFUNCTION("""COMPUTED_VALUE"""),158.46) -> 158.46 | C65: =IFERROR(__xludf.DUMMYFUNCTION("""COMPUTED_VALUE"""),415.26) -> 415.26 | D65: =IFERROR(__xludf.DUMMYFUNCTION("""COMPUTED_VALUE"""),102.76) -> 102.76 | E65: =IFERROR(__xludf.DUMMYFUNCTION("""COMPUTED_VALUE"""),154.7) -> 154.7 | F65: =IFERROR(__xludf.DUMMYFUNCTION("""COMPUTED_VALUE"""),58.92) -> 58.92 | G65: =IFERROR(__xludf.DUMMYFUNCTION("""COMPUTED_VALUE"""),29.11) -> 29.11 | H65: =IFERROR(__xludf.DUMMYFUNCTION("""COMPUTED_VALUE"""),29.1) -> 29.1 | I65: =IFERROR(__xludf.DUMMYFUNCTION("""COMPUTED_VALUE"""),138.07) -> 138.07 | J65: =IFERROR(__xludf.DUMMYFUNCTION("""COMPUTED_VALUE"""),257.64) -> 257.64 | K65: =IFERROR(__xludf.DUMMYFUNCTION("""COMPUTED_VALUE"""),133.06) -> 133.06 | L65: =IFERROR(__xludf.DUMMYFUNCTION("""COMPUTED_VALUE"""),93.26) -> 93.26 | M65: =IFERROR(__xludf.DUMMYFUNCTION("""COMPUTED_VALUE"""),63.44) -> 63.44 | N65: =IFERROR(__xludf.DUMMYFUNCTION("""COMPUTED_VALUE"""),66.34) -> 66.34 | O65: =IFERROR(__xludf.DUMMYFUNCTION("""COMPUTED_VALUE"""),62.2) -> 62.2 | P65: =IFERROR(__xludf.DUMMYFUNCTION("""COMPUTED_VALUE"""),77.06) -> 77.06 | Q65: =IFERROR(__xludf.DUMMYFUNCTION("""COMPUTED_VALUE"""),108.37) -> 108.37 | R65: =IFERROR(__xludf.DUMMYFUNCTION("""COMPUTED_VALUE"""),89.08) -> 89.08 | S65: =IFERROR(__xludf.DUMMYFUNCTION("""COMPUTED_VALUE"""),62.42) -> 62.42 | T65: =IFERROR(__xludf.DUMMYFUNCTION("""COMPUTED_VALUE"""),26.23) -> 26.23 | U65: =IFERROR(__xludf.DUMMYFUNCTION("""COMPUTED_VALUE"""),74.17) -> 74.17 | V65: =IFERROR(__xludf.DUMMYFUNCTION("""COMPUTED_VALUE"""),76.21) -> 76.21 | W65: =IFERROR(__xludf.DUMMYFUNCTION("""COMPUTED_VALUE"""),38.22) -> 38.22 | X65: =IFERROR(__xludf.DUMMYFUNCTION("""COMPUTED_VALUE"""),93.29) -> 93.29 | Y65: =IFERROR(__xludf.DUMMYFUNCTION("""COMPUTED_VALUE"""),51.88) -> 51.88 | Z65: =IFERROR(__xludf.DUMMYFUNCTION("""COMPUTED_VALUE"""),84.37) -> 84.37 | AA65: =IFERROR(__xludf.DUMMYFUNCTION("""COMPUTED_VALUE"""),49.28) -> 49.28 | AB65: =IFERROR(__xludf.DUMMYFUNCTION("""COMPUTED_VALUE"""),68.24) -> 68.24 | AC65: =IFERROR(__xludf.DUMMYFUNCTION("""COMPUTED_VALUE"""),60.11) -> 60.11 | AD65: =IFERROR(__xludf.DUMMYFUNCTION("""COMPUTED_VALUE"""),18.03) -> 18.03 | AE65: =IFERROR(__xludf.DUMMYFUNCTION("""COMPUTED_VALUE"""),29.11) -> 29.11 | AF65: =IFERROR(__xludf.DUMMYFUNCTION("""COMPUTED_VALUE"""),6.05) -> 6.05 | AG65: =IFERROR(__xludf.DUMMYFUNCTION("""COMPUTED_VALUE"""),70.04) -> 70.04
A66: =IFERROR(__xludf.DUMMYFUNCTION("""COMPUTED_VALUE"""),44655.6666666666) -> 44655.667 | B66: =IFERROR(__xludf.DUMMYFUNCTION("""COMPUTED_VALUE"""),161.47) -> 161.47 | C66: =IFERROR(__xludf.DUMMYFUNCTION("""COMPUTED_VALUE"""),423.43) -> 423.43 | D66: =IFERROR(__xludf.DUMMYFUNCTION("""COMPUTED_VALUE"""),105.04) -> 105.04 | E66: =IFERROR(__xludf.DUMMYFUNCTION("""COMPUTED_VALUE"""),157.22) -> 157.22 | F66: =IFERROR(__xludf.DUMMYFUNCTION("""COMPUTED_VALUE"""),59.67) -> 59.67 | G66: =IFERROR(__xludf.DUMMYFUNCTION("""COMPUTED_VALUE"""),29.37) -> 29.37 | H66: =IFERROR(__xludf.DUMMYFUNCTION("""COMPUTED_VALUE"""),29.57) -> 29.57 | I66: =IFERROR(__xludf.DUMMYFUNCTION("""COMPUTED_VALUE"""),136.92) -> 136.92 | J66: =IFERROR(__xludf.DUMMYFUNCTION("""COMPUTED_VALUE"""),255.98) -> 255.98 | K66: =IFERROR(__xludf.DUMMYFUNCTION("""COMPUTED_VALUE"""),134.76) -> 134.76 | L66: =IFERROR(__xludf.DUMMYFUNCTION("""COMPUTED_VALUE"""),96.09) -> 96.09 | M66: =IFERROR(__xludf.DUMMYFUNCTION("""COMPUTED_VALUE"""),64.09) -> 64.09 | N66: =IFERROR(__xludf.DUMMYFUNCTION("""COMPUTED_VALUE"""),65.9) -> 65.9 | O66: =IFERROR(__xludf.DUMMYFUNCTION("""COMPUTED_VALUE"""),63.6) -> 63.6 | P66: =IFERROR(__xludf.DUMMYFUNCTION("""COMPUTED_VALUE"""),77.16) -> 77.16 | Q66: =IFERROR(__xludf.DUMMYFUNCTION("""COMPUTED_VALUE"""),108.37) -> 108.37 | R66: =IFERROR(__xludf.DUMMYFUNCTION("""COMPUTED_VALUE"""),89.1) -> 89.1 | S66: =IFERROR(__xludf.DUMMYFUNCTION("""COMPUTED_VALUE"""),62.07) -> 62.07 | T66: =IFERROR(__xludf.DUMMYFUNCTION("""COMPUTED_VALUE"""),26.73) -> 26.73 | U66: =IFERROR(__xludf.DUMMYFUNCTION("""COMPUTED_VALUE"""),76.86) -> 76.86 | V66: =IFERROR(__xludf.DUMMYFUNCTION("""COMPUTED_VALUE"""),79.41) -> 79.41 | W66: =IFERROR(__xludf.DUMMYFUNCTION("""COMPUTED_VALUE"""),38.05) -> 38.05 | X66: =IFERROR(__xludf.DUMMYFUNCTION("""COMPUTED_VALUE"""),92.99) -> 92.99 | Y66: =IFERROR(__xludf.DUMMYFUNCTION("""COMPUTED_VALUE"""),51.62) -> 51.62 | Z66: =IFERROR(__xludf.DUMMYFUNCTION("""COMPUTED_VALUE"""),84) -> 84 | AA66: =IFERROR(__xludf.DUMMYFUNCTION("""COMPUTED_VALUE"""),49.13) -> 49.13 | AB66: =IFERROR(__xludf.DUMMYFUNCTION("""COMPUTED_VALUE"""),67.88) -> 67.88 | AC66: =IFERROR(__xludf.DUMMYFUNCTION("""COMPUTED_VALUE"""),60.23) -> 60.23 | AD66: =IFERROR(__xludf.DUMMYFUNCTION("""COMPUTED_VALUE"""),17.85) -> 17.85 | AE66: =IFERROR(__xludf.DUMMYFUNCTION("""COMPUTED_VALUE"""),28.78) -> 28.78 | AF66: =IFERROR(__xludf.DUMMYFUNCTION("""COMPUTED_VALUE"""),6.07) -> 6.07 | AG66: =IFERROR(__xludf.DUMMYFUNCTION("""COMPUTED_VALUE"""),71.56) -> 71.56
A67: =IFERROR(__xludf.DUMMYFUNCTION("""COMPUTED_VALUE"""),44656.6666666666) -> 44656.667 | B67: =IFERROR(__xludf.DUMMYFUNCTION("""COMPUTED_VALUE"""),158.07) -> 158.07 | C67: =IFERROR(__xludf.DUMMYFUNCTION("""COMPUTED_VALUE"""),413.42) -> 413.42 | D67: =IFERROR(__xludf.DUMMYFUNCTION("""COMPUTED_VALUE"""),102.48) -> 102.48 | E67: =IFERROR(__xludf.DUMMYFUNCTION("""COMPUTED_VALUE"""),149.98) -> 149.98 | F67: =IFERROR(__xludf.DUMMYFUNCTION("""COMPUTED_VALUE"""),58.65) -> 58.65 | G67: =IFERROR(__xludf.DUMMYFUNCTION("""COMPUTED_VALUE"""),28.51) -> 28.51 | H67: =IFERROR(__xludf.DUMMYFUNCTION("""COMPUTED_VALUE"""),28.88) -> 28.88 | I67: =IFERROR(__xludf.DUMMYFUNCTION("""COMPUTED_VALUE"""),137.21) -> 137.21 | J67: =IFERROR(__xludf.DUMMYFUNCTION("""COMPUTED_VALUE"""),255.8) -> 255.8 | K67: =IFERROR(__xludf.DUMMYFUNCTION("""COMPUTED_VALUE"""),132.68) -> 132.68 | L67: =IFERROR(__xludf.DUMMYFUNCTION("""COMPUTED_VALUE"""),93.25) -> 93.25 | M67: =IFERROR(__xludf.DUMMYFUNCTION("""COMPUTED_VALUE"""),63.09) -> 63.09 | N67: =IFERROR(__xludf.DUMMYFUNCTION("""COMPUTED_VALUE"""),65.86) -> 65.86 | O67: =IFERROR(__xludf.DUMMYFUNCTION("""COMPUTED_VALUE"""),61.76) -> 61.76 | P67: =IFERROR(__xludf.DUMMYFUNCTION("""COMPUTED_VALUE"""),75.95) -> 75.95 | Q67: =IFERROR(__xludf.DUMMYFUNCTION("""COMPUTED_VALUE"""),106.58) -> 106.58 | R67: =IFERROR(__xludf.DUMMYFUNCTION("""COMPUTED_VALUE"""),88.39) -> 88.39 | S67: =IFERROR(__xludf.DUMMYFUNCTION("""COMPUTED_VALUE"""),60.57) -> 60.57 | T67: =IFERROR(__xludf.DUMMYFUNCTION("""COMPUTED_VALUE"""),26.51) -> 26.51 | U67: =IFERROR(__xludf.DUMMYFUNCTION("""COMPUTED_VALUE"""),74.8) -> 74.8 | V67: =IFERROR(__xludf.DUMMYFUNCTION("""COMPUTED_VALUE"""),77.35) -> 77.35 | W67: =IFERROR(__xludf.DUMMYFUNCTION("""COMPUTED_VALUE"""),37.81) -> 37.81 | X67: =IFERROR(__xludf.DUMMYFUNCTION("""COMPUTED_VALUE"""),92.12) -> 92.12 | Y67: =IFERROR(__xludf.DUMMYFUNCTION("""COMPUTED_VALUE"""),50.97) -> 50.97 | Z67: =IFERROR(__xludf.DUMMYFUNCTION("""COMPUTED_VALUE"""),83.33) -> 83.33 | AA67: =IFERROR(__xludf.DUMMYFUNCTION("""COMPUTED_VALUE"""),49.17) -> 49.17 | AB67: =IFERROR(__xludf.DUMMYFUNCTION("""COMPUTED_VALUE"""),66.93) -> 66.93 | AC67: =IFERROR(__xludf.DUMMYFUNCTION("""COMPUTED_VALUE"""),59.53) -> 59.53 | AD67: =IFERROR(__xludf.DUMMYFUNCTION("""COMPUTED_VALUE"""),17.87) -> 17.87 | AE67: =IFERROR(__xludf.DUMMYFUNCTION("""COMPUTED_VALUE"""),28.84) -> 28.84 | AF67: =IFERROR(__xludf.DUMMYFUNCTION("""COMPUTED_VALUE"""),6.2) -> 6.2 | AG67: =IFERROR(__xludf.DUMMYFUNCTION("""COMPUTED_VALUE"""),67.4) -> 67.4
A68: =IFERROR(__xludf.DUMMYFUNCTION("""COMPUTED_VALUE"""),44657.6666666666) -> 44657.667 | B68: =IFERROR(__xludf.DUMMYFUNCTION("""COMPUTED_VALUE"""),154.33) -> 154.33 | C68: =IFERROR(__xludf.DUMMYFUNCTION("""COMPUTED_VALUE"""),402.32) -> 402.32 | D68: =IFERROR(__xludf.DUMMYFUNCTION("""COMPUTED_VALUE"""),99.6) -> 99.6 | E68: =IFERROR(__xludf.DUMMYFUNCTION("""COMPUTED_VALUE"""),146.25) -> 146.25 | F68: =IFERROR(__xludf.DUMMYFUNCTION("""COMPUTED_VALUE"""),57.27) -> 57.27 | G68: =IFERROR(__xludf.DUMMYFUNCTION("""COMPUTED_VALUE"""),27.66) -> 27.66 | H68: =IFERROR(__xludf.DUMMYFUNCTION("""COMPUTED_VALUE"""),28.33) -> 28.33 | I68: =IFERROR(__xludf.DUMMYFUNCTION("""COMPUTED_VALUE"""),139.3) -> 139.3 | J68: =IFERROR(__xludf.DUMMYFUNCTION("""COMPUTED_VALUE"""),259.08) -> 259.08 | K68: =IFERROR(__xludf.DUMMYFUNCTION("""COMPUTED_VALUE"""),132.48) -> 132.48 | L68: =IFERROR(__xludf.DUMMYFUNCTION("""COMPUTED_VALUE"""),93.33) -> 93.33 | M68: =IFERROR(__xludf.DUMMYFUNCTION("""COMPUTED_VALUE"""),63.55) -> 63.55 | N68: =IFERROR(__xludf.DUMMYFUNCTION("""COMPUTED_VALUE"""),66.73) -> 66.73 | O68: =IFERROR(__xludf.DUMMYFUNCTION("""COMPUTED_VALUE"""),61.04) -> 61.04 | P68: =IFERROR(__xludf.DUMMYFUNCTION("""COMPUTED_VALUE"""),76.4) -> 76.4 | Q68: =IFERROR(__xludf.DUMMYFUNCTION("""COMPUTED_VALUE"""),107.12) -> 107.12 | R68: =IFERROR(__xludf.DUMMYFUNCTION("""COMPUTED_VALUE"""),87.37) -> 87.37 | S68: =IFERROR(__xludf.DUMMYFUNCTION("""COMPUTED_VALUE"""),60.14) -> 60.14 | T68: =IFERROR(__xludf.DUMMYFUNCTION("""COMPUTED_VALUE"""),26.3) -> 26.3 | U68: =IFERROR(__xludf.DUMMYFUNCTION("""COMPUTED_VALUE"""),73.05) -> 73.05 | V68: =IFERROR(__xludf.DUMMYFUNCTION("""COMPUTED_VALUE"""),75.34) -> 75.34 | W68: =IFERROR(__xludf.DUMMYFUNCTION("""COMPUTED_VALUE"""),37.55) -> 37.55 | X68: =IFERROR(__xludf.DUMMYFUNCTION("""COMPUTED_VALUE"""),91.34) -> 91.34 | Y68: =IFERROR(__xludf.DUMMYFUNCTION("""COMPUTED_VALUE"""),50.1) -> 50.1 | Z68: =IFERROR(__xludf.DUMMYFUNCTION("""COMPUTED_VALUE"""),82.65) -> 82.65 | AA68: =IFERROR(__xludf.DUMMYFUNCTION("""COMPUTED_VALUE"""),49.9) -> 49.9 | AB68: =IFERROR(__xludf.DUMMYFUNCTION("""COMPUTED_VALUE"""),65.93) -> 65.93 | AC68: =IFERROR(__xludf.DUMMYFUNCTION("""COMPUTED_VALUE"""),58.57) -> 58.57 | AD68: =IFERROR(__xludf.DUMMYFUNCTION("""COMPUTED_VALUE"""),16.97) -> 16.97 | AE68: =IFERROR(__xludf.DUMMYFUNCTION("""COMPUTED_VALUE"""),27.34) -> 27.34 | AF68: =IFERROR(__xludf.DUMMYFUNCTION("""COMPUTED_VALUE"""),5.82) -> 5.82 | AG68: =IFERROR(__xludf.DUMMYFUNCTION("""COMPUTED_VALUE"""),63.52) -> 63.52
A69: =IFERROR(__xludf.DUMMYFUNCTION("""COMPUTED_VALUE"""),44658.6666666666) -> 44658.667 | B69: =IFERROR(__xludf.DUMMYFUNCTION("""COMPUTED_VALUE"""),154.57) -> 154.57 | C69: =IFERROR(__xludf.DUMMYFUNCTION("""COMPUTED_VALUE"""),403.57) -> 403.57 | D69: =IFERROR(__xludf.DUMMYFUNCTION("""COMPUTED_VALUE"""),99.94) -> 99.94 | E69: =IFERROR(__xludf.DUMMYFUNCTION("""COMPUTED_VALUE"""),146.57) -> 146.57 | F69: =IFERROR(__xludf.DUMMYFUNCTION("""COMPUTED_VALUE"""),57.7) -> 57.7 | G69: =IFERROR(__xludf.DUMMYFUNCTION("""COMPUTED_VALUE"""),27.62) -> 27.62 | H69: =IFERROR(__xludf.DUMMYFUNCTION("""COMPUTED_VALUE"""),28.46) -> 28.46 | I69: =IFERROR(__xludf.DUMMYFUNCTION("""COMPUTED_VALUE"""),141.98) -> 141.98 | J69: =IFERROR(__xludf.DUMMYFUNCTION("""COMPUTED_VALUE"""),263.49) -> 263.49 | K69: =IFERROR(__xludf.DUMMYFUNCTION("""COMPUTED_VALUE"""),133.91) -> 133.91 | L69: =IFERROR(__xludf.DUMMYFUNCTION("""COMPUTED_VALUE"""),92.43) -> 92.43 | M69: =IFERROR(__xludf.DUMMYFUNCTION("""COMPUTED_VALUE"""),63.86) -> 63.86 | N69: =IFERROR(__xludf.DUMMYFUNCTION("""COMPUTED_VALUE"""),67.83) -> 67.83 | O69: =IFERROR(__xludf.DUMMYFUNCTION("""COMPUTED_VALUE"""),61) -> 61 | P69: =IFERROR(__xludf.DUMMYFUNCTION("""COMPUTED_VALUE"""),77.4) -> 77.4 | Q69: =IFERROR(__xludf.DUMMYFUNCTION("""COMPUTED_VALUE"""),108.49) -> 108.49 | R69: =IFERROR(__xludf.DUMMYFUNCTION("""COMPUTED_VALUE"""),87.94) -> 87.94 | S69: =IFERROR(__xludf.DUMMYFUNCTION("""COMPUTED_VALUE"""),61.49) -> 61.49 | T69: =IFERROR(__xludf.DUMMYFUNCTION("""COMPUTED_VALUE"""),26.39) -> 26.39 | U69: =IFERROR(__xludf.DUMMYFUNCTION("""COMPUTED_VALUE"""),73.11) -> 73.11 | V69: =IFERROR(__xludf.DUMMYFUNCTION("""COMPUTED_VALUE"""),74.55) -> 74.55 | W69: =IFERROR(__xludf.DUMMYFUNCTION("""COMPUTED_VALUE"""),37.51) -> 37.51 | X69: =IFERROR(__xludf.DUMMYFUNCTION("""COMPUTED_VALUE"""),90.99) -> 90.99 | Y69: =IFERROR(__xludf.DUMMYFUNCTION("""COMPUTED_VALUE"""),49.48) -> 49.48 | Z69: =IFERROR(__xludf.DUMMYFUNCTION("""COMPUTED_VALUE"""),82.47) -> 82.47 | AA69: =IFERROR(__xludf.DUMMYFUNCTION("""COMPUTED_VALUE"""),49.49) -> 49.49 | AB69: =IFERROR(__xludf.DUMMYFUNCTION("""COMPUTED_VALUE"""),65.09) -> 65.09 | AC69: =IFERROR(__xludf.DUMMYFUNCTION("""COMPUTED_VALUE"""),58.23) -> 58.23 | AD69: =IFERROR(__xludf.DUMMYFUNCTION("""COMPUTED_VALUE"""),16.82) -> 16.82 | AE69: =IFERROR(__xludf.DUMMYFUNCTION("""COMPUTED_VALUE"""),27.07) -> 27.07 | AF69: =IFERROR(__xludf.DUMMYFUNCTION("""COMPUTED_VALUE"""),5.56) -> 5.56 | AG69: =IFERROR(__xludf.DUMMYFUNCTION("""COMPUTED_VALUE"""),62.52) -> 62.52
A70: =IFERROR(__xludf.DUMMYFUNCTION("""COMPUTED_VALUE"""),44659.6666666666) -> 44659.667 | B70: =IFERROR(__xludf.DUMMYFUNCTION("""COMPUTED_VALUE"""),152.41) -> 152.41 | C70: =IFERROR(__xludf.DUMMYFUNCTION("""COMPUTED_VALUE"""),397.65) -> 397.65 | D70: =IFERROR(__xludf.DUMMYFUNCTION("""COMPUTED_VALUE"""),98.19) -> 98.19 | E70: =IFERROR(__xludf.DUMMYFUNCTION("""COMPUTED_VALUE"""),142.93) -> 142.93 | F70: =IFERROR(__xludf.DUMMYFUNCTION("""COMPUTED_VALUE"""),57.02) -> 57.02 | G70: =IFERROR(__xludf.DUMMYFUNCTION("""COMPUTED_VALUE"""),27.23) -> 27.23 | H70: =IFERROR(__xludf.DUMMYFUNCTION("""COMPUTED_VALUE"""),28.19) -> 28.19 | I70: =IFERROR(__xludf.DUMMYFUNCTION("""COMPUTED_VALUE"""),142.83) -> 142.83 | J70: =IFERROR(__xludf.DUMMYFUNCTION("""COMPUTED_VALUE"""),264.47) -> 264.47 | K70: =IFERROR(__xludf.DUMMYFUNCTION("""COMPUTED_VALUE"""),133.34) -> 133.34 | L70: =IFERROR(__xludf.DUMMYFUNCTION("""COMPUTED_VALUE"""),90.34) -> 90.34 | M70: =IFERROR(__xludf.DUMMYFUNCTION("""COMPUTED_VALUE"""),63.41) -> 63.41 | N70: =IFERROR(__xludf.DUMMYFUNCTION("""COMPUTED_VALUE"""),68.08) -> 68.08 | O70: =IFERROR(__xludf.DUMMYFUNCTION("""COMPUTED_VALUE"""),60.32) -> 60.32 | P70: =IFERROR(__xludf.DUMMYFUNCTION("""COMPUTED_VALUE"""),79.53) -> 79.53 | Q70: =IFERROR(__xludf.DUMMYFUNCTION("""COMPUTED_VALUE"""),111.4) -> 111.4 | R70: =IFERROR(__xludf.DUMMYFUNCTION("""COMPUTED_VALUE"""),88.48) -> 88.48 | S70: =IFERROR(__xludf.DUMMYFUNCTION("""COMPUTED_VALUE"""),61.37) -> 61.37 | T70: =IFERROR(__xludf.DUMMYFUNCTION("""COMPUTED_VALUE"""),26.72) -> 26.72 | U70: =IFERROR(__xludf.DUMMYFUNCTION("""COMPUTED_VALUE"""),74.11) -> 74.11 | V70: =IFERROR(__xludf.DUMMYFUNCTION("""COMPUTED_VALUE"""),72.71) -> 72.71 | W70: =IFERROR(__xludf.DUMMYFUNCTION("""COMPUTED_VALUE"""),37.89) -> 37.89 | X70: =IFERROR(__xludf.DUMMYFUNCTION("""COMPUTED_VALUE"""),91.7) -> 91.7 | Y70: =IFERROR(__xludf.DUMMYFUNCTION("""COMPUTED_VALUE"""),49.52) -> 49.52 | Z70: =IFERROR(__xludf.DUMMYFUNCTION("""COMPUTED_VALUE"""),83.18) -> 83.18 | AA70: =IFERROR(__xludf.DUMMYFUNCTION("""COMPUTED_VALUE"""),49.67) -> 49.67 | AB70: =IFERROR(__xludf.DUMMYFUNCTION("""COMPUTED_VALUE"""),64.99) -> 64.99 | AC70: =IFERROR(__xludf.DUMMYFUNCTION("""COMPUTED_VALUE"""),58.65) -> 58.65 | AD70: =IFERROR(__xludf.DUMMYFUNCTION("""COMPUTED_VALUE"""),16.57) -> 16.57 | AE70: =IFERROR(__xludf.DUMMYFUNCTION("""COMPUTED_VALUE"""),26.68) -> 26.68 | AF70: =IFERROR(__xludf.DUMMYFUNCTION("""COMPUTED_VALUE"""),5.52) -> 5.52 | AG70: =IFERROR(__xludf.DUMMYFUNCTION("""COMPUTED_VALUE"""),60.12) -> 60.12
A71: =IFERROR(__xludf.DUMMYFUNCTION("""COMPUTED_VALUE"""),44662.6666666666) -> 44662.667 | B71: =IFERROR(__xludf.DUMMYFUNCTION("""COMPUTED_VALUE"""),148.57) -> 148.57 | C71: =IFERROR(__xludf.DUMMYFUNCTION("""COMPUTED_VALUE"""),388.23) -> 388.23 | D71: =IFERROR(__xludf.DUMMYFUNCTION("""COMPUTED_VALUE"""),95.8) -> 95.8 | E71: =IFERROR(__xludf.DUMMYFUNCTION("""COMPUTED_VALUE"""),140) -> 140 | F71: =IFERROR(__xludf.DUMMYFUNCTION("""COMPUTED_VALUE"""),57.23) -> 57.23 | G71: =IFERROR(__xludf.DUMMYFUNCTION("""COMPUTED_VALUE"""),26.32) -> 26.32 | H71: =IFERROR(__xludf.DUMMYFUNCTION("""COMPUTED_VALUE"""),27.83) -> 27.83 | I71: =IFERROR(__xludf.DUMMYFUNCTION("""COMPUTED_VALUE"""),139.99) -> 139.99 | J71: =IFERROR(__xludf.DUMMYFUNCTION("""COMPUTED_VALUE"""),258.96) -> 258.96 | K71: =IFERROR(__xludf.DUMMYFUNCTION("""COMPUTED_VALUE"""),130.27) -> 130.27 | L71: =IFERROR(__xludf.DUMMYFUNCTION("""COMPUTED_VALUE"""),87.32) -> 87.32 | M71: =IFERROR(__xludf.DUMMYFUNCTION("""COMPUTED_VALUE"""),61.84) -> 61.84 | N71: =IFERROR(__xludf.DUMMYFUNCTION("""COMPUTED_VALUE"""),66.73) -> 66.73 | O71: =IFERROR(__xludf.DUMMYFUNCTION("""COMPUTED_VALUE"""),58.72) -> 58.72 | P71: =IFERROR(__xludf.DUMMYFUNCTION("""COMPUTED_VALUE"""),77.14) -> 77.14 | Q71: =IFERROR(__xludf.DUMMYFUNCTION("""COMPUTED_VALUE"""),108.1) -> 108.1 | R71: =IFERROR(__xludf.DUMMYFUNCTION("""COMPUTED_VALUE"""),88.04) -> 88.04 | S71: =IFERROR(__xludf.DUMMYFUNCTION("""COMPUTED_VALUE"""),60.8) -> 60.8 | T71: =IFERROR(__xludf.DUMMYFUNCTION("""COMPUTED_VALUE"""),26.5) -> 26.5 | U71: =IFERROR(__xludf.DUMMYFUNCTION("""COMPUTED_VALUE"""),72.3) -> 72.3 | V71: =IFERROR(__xludf.DUMMYFUNCTION("""COMPUTED_VALUE"""),72.22) -> 72.22 | W71: =IFERROR(__xludf.DUMMYFUNCTION("""COMPUTED_VALUE"""),37.72) -> 37.72 | X71: =IFERROR(__xludf.DUMMYFUNCTION("""COMPUTED_VALUE"""),91.27) -> 91.27 | Y71: =IFERROR(__xludf.DUMMYFUNCTION("""COMPUTED_VALUE"""),49.66) -> 49.66 | Z71: =IFERROR(__xludf.DUMMYFUNCTION("""COMPUTED_VALUE"""),82.79) -> 82.79 | AA71: =IFERROR(__xludf.DUMMYFUNCTION("""COMPUTED_VALUE"""),48.99) -> 48.99 | AB71: =IFERROR(__xludf.DUMMYFUNCTION("""COMPUTED_VALUE"""),65.22) -> 65.22 | AC71: =IFERROR(__xludf.DUMMYFUNCTION("""COMPUTED_VALUE"""),58.26) -> 58.26 | AD71: =IFERROR(__xludf.DUMMYFUNCTION("""COMPUTED_VALUE"""),15.49) -> 15.49 | AE71: =IFERROR(__xludf.DUMMYFUNCTION("""COMPUTED_VALUE"""),24.91) -> 24.91 | AF71: =IFERROR(__xludf.DUMMYFUNCTION("""COMPUTED_VALUE"""),5.32) -> 5.32 | AG71: =IFERROR(__xludf.DUMMYFUNCTION("""COMPUTED_VALUE"""),57.6) -> 57.6
A72: =IFERROR(__xludf.DUMMYFUNCTION("""COMPUTED_VALUE"""),44663.6666666666) -> 44663.667 | B72: =IFERROR(__xludf.DUMMYFUNCTION("""COMPUTED_VALUE"""),147.91) -> 147.91 | C72: =IFERROR(__xludf.DUMMYFUNCTION("""COMPUTED_VALUE"""),387.17) -> 387.17 | D72: =IFERROR(__xludf.DUMMYFUNCTION("""COMPUTED_VALUE"""),95.37) -> 95.37 | E72: =IFERROR(__xludf.DUMMYFUNCTION("""COMPUTED_VALUE"""),139.57) -> 139.57 | F72: =IFERROR(__xludf.DUMMYFUNCTION("""COMPUTED_VALUE"""),57.34) -> 57.34 | G72: =IFERROR(__xludf.DUMMYFUNCTION("""COMPUTED_VALUE"""),25.91) -> 25.91 | H72: =IFERROR(__xludf.DUMMYFUNCTION("""COMPUTED_VALUE"""),27.75) -> 27.75 | I72: =IFERROR(__xludf.DUMMYFUNCTION("""COMPUTED_VALUE"""),138.63) -> 138.63 | J72: =IFERROR(__xludf.DUMMYFUNCTION("""COMPUTED_VALUE"""),256.78) -> 256.78 | K72: =IFERROR(__xludf.DUMMYFUNCTION("""COMPUTED_VALUE"""),129.27) -> 129.27 | L72: =IFERROR(__xludf.DUMMYFUNCTION("""COMPUTED_VALUE"""),87.15) -> 87.15 | M72: =IFERROR(__xludf.DUMMYFUNCTION("""COMPUTED_VALUE"""),61.44) -> 61.44 | N72: =IFERROR(__xludf.DUMMYFUNCTION("""COMPUTED_VALUE"""),66.12) -> 66.12 | O72: =IFERROR(__xludf.DUMMYFUNCTION("""COMPUTED_VALUE"""),58.8) -> 58.8 | P72: =IFERROR(__xludf.DUMMYFUNCTION("""COMPUTED_VALUE"""),78.42) -> 78.42 | Q72: =IFERROR(__xludf.DUMMYFUNCTION("""COMPUTED_VALUE"""),109.92) -> 109.92 | R72: =IFERROR(__xludf.DUMMYFUNCTION("""COMPUTED_VALUE"""),88.06) -> 88.06 | S72: =IFERROR(__xludf.DUMMYFUNCTION("""COMPUTED_VALUE"""),62.33) -> 62.33 | T72: =IFERROR(__xludf.DUMMYFUNCTION("""COMPUTED_VALUE"""),27.29) -> 27.29 | U72: =IFERROR(__xludf.DUMMYFUNCTION("""COMPUTED_VALUE"""),75.98) -> 75.98 | V72: =IFERROR(__xludf.DUMMYFUNCTION("""COMPUTED_VALUE"""),71.71) -> 71.71 | W72: =IFERROR(__xludf.DUMMYFUNCTION("""COMPUTED_VALUE"""),37.31) -> 37.31 | X72: =IFERROR(__xludf.DUMMYFUNCTION("""COMPUTED_VALUE"""),90.39) -> 90.39 | Y72: =IFERROR(__xludf.DUMMYFUNCTION("""COMPUTED_VALUE"""),49.15) -> 49.15 | Z72: =IFERROR(__xludf.DUMMYFUNCTION("""COMPUTED_VALUE"""),81.93) -> 81.93 | AA72: =IFERROR(__xludf.DUMMYFUNCTION("""COMPUTED_VALUE"""),48.84) -> 48.84 | AB72: =IFERROR(__xludf.DUMMYFUNCTION("""COMPUTED_VALUE"""),64.62) -> 64.62 | AC72: =IFERROR(__xludf.DUMMYFUNCTION("""COMPUTED_VALUE"""),57.59) -> 57.59 | AD72: =IFERROR(__xludf.DUMMYFUNCTION("""COMPUTED_VALUE"""),15.2) -> 15.2 | AE72: =IFERROR(__xludf.DUMMYFUNCTION("""COMPUTED_VALUE"""),24.49) -> 24.49 | AF72: =IFERROR(__xludf.DUMMYFUNCTION("""COMPUTED_VALUE"""),5.18) -> 5.18 | AG72: =IFERROR(__xludf.DUMMYFUNCTION("""COMPUTED_VALUE"""),56.36) -> 56.36
A73: =IFERROR(__xludf.DUMMYFUNCTION("""COMPUTED_VALUE"""),44664.6666666666) -> 44664.667 | B73: =IFERROR(__xludf.DUMMYFUNCTION("""COMPUTED_VALUE"""),150.29) -> 150.29 | C73: =IFERROR(__xludf.DUMMYFUNCTION("""COMPUTED_VALUE"""),393.92) -> 393.92 | D73: =IFERROR(__xludf.DUMMYFUNCTION("""COMPUTED_VALUE"""),97.12) -> 97.12 | E73: =IFERROR(__xludf.DUMMYFUNCTION("""COMPUTED_VALUE"""),142.57) -> 142.57 | F73: =IFERROR(__xludf.DUMMYFUNCTION("""COMPUTED_VALUE"""),58.97) -> 58.97 | G73: =IFERROR(__xludf.DUMMYFUNCTION("""COMPUTED_VALUE"""),26.57) -> 26.57 | H73: =IFERROR(__xludf.DUMMYFUNCTION("""COMPUTED_VALUE"""),28.32) -> 28.32 | I73: =IFERROR(__xludf.DUMMYFUNCTION("""COMPUTED_VALUE"""),139.31) -> 139.31 | J73: =IFERROR(__xludf.DUMMYFUNCTION("""COMPUTED_VALUE"""),258.66) -> 258.66 | K73: =IFERROR(__xludf.DUMMYFUNCTION("""COMPUTED_VALUE"""),132.5) -> 132.5 | L73: =IFERROR(__xludf.DUMMYFUNCTION("""COMPUTED_VALUE"""),90.41) -> 90.41 | M73: =IFERROR(__xludf.DUMMYFUNCTION("""COMPUTED_VALUE"""),63) -> 63 | N73: =IFERROR(__xludf.DUMMYFUNCTION("""COMPUTED_VALUE"""),66.59) -> 66.59 | O73: =IFERROR(__xludf.DUMMYFUNCTION("""COMPUTED_VALUE"""),59.6) -> 59.6 | P73: =IFERROR(__xludf.DUMMYFUNCTION("""COMPUTED_VALUE"""),79.59) -> 79.59 | Q73: =IFERROR(__xludf.DUMMYFUNCTION("""COMPUTED_VALUE"""),111.66) -> 111.66 | R73: =IFERROR(__xludf.DUMMYFUNCTION("""COMPUTED_VALUE"""),89.36) -> 89.36 | S73: =IFERROR(__xludf.DUMMYFUNCTION("""COMPUTED_VALUE"""),65.16) -> 65.16 | T73: =IFERROR(__xludf.DUMMYFUNCTION("""COMPUTED_VALUE"""),27.89) -> 27.89 | U73: =IFERROR(__xludf.DUMMYFUNCTION("""COMPUTED_VALUE"""),78.42) -> 78.42 | V73: =IFERROR(__xludf.DUMMYFUNCTION("""COMPUTED_VALUE"""),73) -> 73 | W73: =IFERROR(__xludf.DUMMYFUNCTION("""COMPUTED_VALUE"""),37.31) -> 37.31 | X73: =IFERROR(__xludf.DUMMYFUNCTION("""COMPUTED_VALUE"""),90.67) -> 90.67 | Y73: =IFERROR(__xludf.DUMMYFUNCTION("""COMPUTED_VALUE"""),49.84) -> 49.84 | Z73: =IFERROR(__xludf.DUMMYFUNCTION("""COMPUTED_VALUE"""),82.11) -> 82.11 | AA73: =IFERROR(__xludf.DUMMYFUNCTION("""COMPUTED_VALUE"""),49.04) -> 49.04 | AB73: =IFERROR(__xludf.DUMMYFUNCTION("""COMPUTED_VALUE"""),65.53) -> 65.53 | AC73: =IFERROR(__xludf.DUMMYFUNCTION("""COMPUTED_VALUE"""),57.92) -> 57.92 | AD73: =IFERROR(__xludf.DUMMYFUNCTION("""COMPUTED_VALUE"""),15.93) -> 15.93 | AE73: =IFERROR(__xludf.DUMMYFUNCTION("""COMPUTED_VALUE"""),25.67) -> 25.67 | AF73: =IFERROR(__xludf.DUMMYFUNCTION("""COMPUTED_VALUE"""),5.19) -> 5.19 | AG73: =IFERROR(__xludf.DUMMYFUNCTION("""COMPUTED_VALUE"""),58.28) -> 58.28
A74: =IFERROR(__xludf.DUMMYFUNCTION("""COMPUTED_VALUE"""),44665.6666666666) -> 44665.667 | B74: =IFERROR(__xludf.DUMMYFUNCTION("""COMPUTED_VALUE"""),146.64) -> 146.64 | C74: =IFERROR(__xludf.DUMMYFUNCTION("""COMPUTED_VALUE"""),384.18) -> 384.18 | D74: =IFERROR(__xludf.DUMMYFUNCTION("""COMPUTED_VALUE"""),94.49) -> 94.49 | E74: =IFERROR(__xludf.DUMMYFUNCTION("""COMPUTED_VALUE"""),138.63) -> 138.63 | F74: =IFERROR(__xludf.DUMMYFUNCTION("""COMPUTED_VALUE"""),57.91) -> 57.91 | G74: =IFERROR(__xludf.DUMMYFUNCTION("""COMPUTED_VALUE"""),26.07) -> 26.07 | H74: =IFERROR(__xludf.DUMMYFUNCTION("""COMPUTED_VALUE"""),27.95) -> 27.95 | I74: =IFERROR(__xludf.DUMMYFUNCTION("""COMPUTED_VALUE"""),138.64) -> 138.64 | J74: =IFERROR(__xludf.DUMMYFUNCTION("""COMPUTED_VALUE"""),257.11) -> 257.11 | K74: =IFERROR(__xludf.DUMMYFUNCTION("""COMPUTED_VALUE"""),130.86) -> 130.86 | L74: =IFERROR(__xludf.DUMMYFUNCTION("""COMPUTED_VALUE"""),87.77) -> 87.77 | M74: =IFERROR(__xludf.DUMMYFUNCTION("""COMPUTED_VALUE"""),62.16) -> 62.16 | N74: =IFERROR(__xludf.DUMMYFUNCTION("""COMPUTED_VALUE"""),66.22) -> 66.22 | O74: =IFERROR(__xludf.DUMMYFUNCTION("""COMPUTED_VALUE"""),58) -> 58 | P74: =IFERROR(__xludf.DUMMYFUNCTION("""COMPUTED_VALUE"""),79.85) -> 79.85 | Q74: =IFERROR(__xludf.DUMMYFUNCTION("""COMPUTED_VALUE"""),112.12) -> 112.12 | R74: =IFERROR(__xludf.DUMMYFUNCTION("""COMPUTED_VALUE"""),89.06) -> 89.06 | S74: =IFERROR(__xludf.DUMMYFUNCTION("""COMPUTED_VALUE"""),65.85) -> 65.85 | T74: =IFERROR(__xludf.DUMMYFUNCTION("""COMPUTED_VALUE"""),28.1) -> 28.1 | U74: =IFERROR(__xludf.DUMMYFUNCTION("""COMPUTED_VALUE"""),79.57) -> 79.57 | V74: =IFERROR(__xludf.DUMMYFUNCTION("""COMPUTED_VALUE"""),72.04) -> 72.04 | W74: =IFERROR(__xludf.DUMMYFUNCTION("""COMPUTED_VALUE"""),36.89) -> 36.89 | X74: =IFERROR(__xludf.DUMMYFUNCTION("""COMPUTED_VALUE"""),89.64) -> 89.64 | Y74: =IFERROR(__xludf.DUMMYFUNCTION("""COMPUTED_VALUE"""),49.37) -> 49.37 | Z74: =IFERROR(__xludf.DUMMYFUNCTION("""COMPUTED_VALUE"""),81.23) -> 81.23 | AA74: =IFERROR(__xludf.DUMMYFUNCTION("""COMPUTED_VALUE"""),48.76) -> 48.76 | AB74: =IFERROR(__xludf.DUMMYFUNCTION("""COMPUTED_VALUE"""),64.69) -> 64.69 | AC74: =IFERROR(__xludf.DUMMYFUNCTION("""COMPUTED_VALUE"""),57.28) -> 57.28 | AD74: =IFERROR(__xludf.DUMMYFUNCTION("""COMPUTED_VALUE"""),15.43) -> 15.43 | AE74: =IFERROR(__xludf.DUMMYFUNCTION("""COMPUTED_VALUE"""),24.88) -> 24.88 | AF74: =IFERROR(__xludf.DUMMYFUNCTION("""COMPUTED_VALUE"""),5.29) -> 5.29 | AG74: =IFERROR(__xludf.DUMMYFUNCTION("""COMPUTED_VALUE"""),55.96) -> 55.96
A75: =IFERROR(__xludf.DUMMYFUNCTION("""COMPUTED_VALUE"""),44669.6666666666) -> 44669.667 | B75: =IFERROR(__xludf.DUMMYFUNCTION("""COMPUTED_VALUE"""),147.12) -> 147.12 | C75: =IFERROR(__xludf.DUMMYFUNCTION("""COMPUTED_VALUE"""),384.63) -> 384.63 | D75: =IFERROR(__xludf.DUMMYFUNCTION("""COMPUTED_VALUE"""),94.79) -> 94.79 | E75: =IFERROR(__xludf.DUMMYFUNCTION("""COMPUTED_VALUE"""),141.03) -> 141.03 | F75: =IFERROR(__xludf.DUMMYFUNCTION("""COMPUTED_VALUE"""),57.06) -> 57.06 | G75: =IFERROR(__xludf.DUMMYFUNCTION("""COMPUTED_VALUE"""),25.8) -> 25.8 | H75: =IFERROR(__xludf.DUMMYFUNCTION("""COMPUTED_VALUE"""),27.62) -> 27.62 | I75: =IFERROR(__xludf.DUMMYFUNCTION("""COMPUTED_VALUE"""),137.11) -> 137.11 | J75: =IFERROR(__xludf.DUMMYFUNCTION("""COMPUTED_VALUE"""),253.58) -> 253.58 | K75: =IFERROR(__xludf.DUMMYFUNCTION("""COMPUTED_VALUE"""),127.1) -> 127.1 | L75: =IFERROR(__xludf.DUMMYFUNCTION("""COMPUTED_VALUE"""),83.59) -> 83.59 | M75: =IFERROR(__xludf.DUMMYFUNCTION("""COMPUTED_VALUE"""),60.57) -> 60.57 | N75: =IFERROR(__xludf.DUMMYFUNCTION("""COMPUTED_VALUE"""),65.31) -> 65.31 | O75: =IFERROR(__xludf.DUMMYFUNCTION("""COMPUTED_VALUE"""),55.52) -> 55.52 | P75: =IFERROR(__xludf.DUMMYFUNCTION("""COMPUTED_VALUE"""),81.02) -> 81.02 | Q75: =IFERROR(__xludf.DUMMYFUNCTION("""COMPUTED_VALUE"""),113.9) -> 113.9 | R75: =IFERROR(__xludf.DUMMYFUNCTION("""COMPUTED_VALUE"""),89.14) -> 89.14 | S75: =IFERROR(__xludf.DUMMYFUNCTION("""COMPUTED_VALUE"""),65.56) -> 65.56 | T75: =IFERROR(__xludf.DUMMYFUNCTION("""COMPUTED_VALUE"""),28.42) -> 28.42 | U75: =IFERROR(__xludf.DUMMYFUNCTION("""COMPUTED_VALUE"""),80.41) -> 80.41 | V75: =IFERROR(__xludf.DUMMYFUNCTION("""COMPUTED_VALUE"""),71.66) -> 71.66 | W75: =IFERROR(__xludf.DUMMYFUNCTION("""COMPUTED_VALUE"""),37.11) -> 37.11 | X75: =IFERROR(__xludf.DUMMYFUNCTION("""COMPUTED_VALUE"""),90.11) -> 90.11 | Y75: =IFERROR(__xludf.DUMMYFUNCTION("""COMPUTED_VALUE"""),49.56) -> 49.56 | Z75: =IFERROR(__xludf.DUMMYFUNCTION("""COMPUTED_VALUE"""),81.47) -> 81.47 | AA75: =IFERROR(__xludf.DUMMYFUNCTION("""COMPUTED_VALUE"""),48.64) -> 48.64 | AB75: =IFERROR(__xludf.DUMMYFUNCTION("""COMPUTED_VALUE"""),64.91) -> 64.91 | AC75: =IFERROR(__xludf.DUMMYFUNCTION("""COMPUTED_VALUE"""),57.56) -> 57.56 | AD75: =IFERROR(__xludf.DUMMYFUNCTION("""COMPUTED_VALUE"""),15.76) -> 15.76 | AE75: =IFERROR(__xludf.DUMMYFUNCTION("""COMPUTED_VALUE"""),25.39) -> 25.39 | AF75: =IFERROR(__xludf.DUMMYFUNCTION("""COMPUTED_VALUE"""),5.08) -> 5.08 | AG75: =IFERROR(__xludf.DUMMYFUNCTION("""COMPUTED_VALUE"""),55.6) -> 55.6
A76: =IFERROR(__xludf.DUMMYFUNCTION("""COMPUTED_VALUE"""),44670.6666666666) -> 44670.667 | B76: =IFERROR(__xludf.DUMMYFUNCTION("""COMPUTED_VALUE"""),149.88) -> 149.88 | C76: =IFERROR(__xludf.DUMMYFUNCTION("""COMPUTED_VALUE"""),392.38) -> 392.38 | D76: =IFERROR(__xludf.DUMMYFUNCTION("""COMPUTED_VALUE"""),96.8) -> 96.8 | E76: =IFERROR(__xludf.DUMMYFUNCTION("""COMPUTED_VALUE"""),144.12) -> 144.12 | F76: =IFERROR(__xludf.DUMMYFUNCTION("""COMPUTED_VALUE"""),58.01) -> 58.01 | G76: =IFERROR(__xludf.DUMMYFUNCTION("""COMPUTED_VALUE"""),26.33) -> 26.33 | H76: =IFERROR(__xludf.DUMMYFUNCTION("""COMPUTED_VALUE"""),28.28) -> 28.28 | I76: =IFERROR(__xludf.DUMMYFUNCTION("""COMPUTED_VALUE"""),138.42) -> 138.42 | J76: =IFERROR(__xludf.DUMMYFUNCTION("""COMPUTED_VALUE"""),256.27) -> 256.27 | K76: =IFERROR(__xludf.DUMMYFUNCTION("""COMPUTED_VALUE"""),128.32) -> 128.32 | L76: =IFERROR(__xludf.DUMMYFUNCTION("""COMPUTED_VALUE"""),84.6) -> 84.6 | M76: =IFERROR(__xludf.DUMMYFUNCTION("""COMPUTED_VALUE"""),61.25) -> 61.25 | N76: =IFERROR(__xludf.DUMMYFUNCTION("""COMPUTED_VALUE"""),66) -> 66 | O76: =IFERROR(__xludf.DUMMYFUNCTION("""COMPUTED_VALUE"""),56.28) -> 56.28 | P76: =IFERROR(__xludf.DUMMYFUNCTION("""COMPUTED_VALUE"""),80.36) -> 80.36 | Q76: =IFERROR(__xludf.DUMMYFUNCTION("""COMPUTED_VALUE"""),112.78) -> 112.78 | R76: =IFERROR(__xludf.DUMMYFUNCTION("""COMPUTED_VALUE"""),89.98) -> 89.98 | S76: =IFERROR(__xludf.DUMMYFUNCTION("""COMPUTED_VALUE"""),65.64) -> 65.64 | T76: =IFERROR(__xludf.DUMMYFUNCTION("""COMPUTED_VALUE"""),27.69) -> 27.69 | U76: =IFERROR(__xludf.DUMMYFUNCTION("""COMPUTED_VALUE"""),76.86) -> 76.86 | V76: =IFERROR(__xludf.DUMMYFUNCTION("""COMPUTED_VALUE"""),73.26) -> 73.26 | W76: =IFERROR(__xludf.DUMMYFUNCTION("""COMPUTED_VALUE"""),37.62) -> 37.62 | X76: =IFERROR(__xludf.DUMMYFUNCTION("""COMPUTED_VALUE"""),91.51) -> 91.51 | Y76: =IFERROR(__xludf.DUMMYFUNCTION("""COMPUTED_VALUE"""),51.07) -> 51.07 | Z76: =IFERROR(__xludf.DUMMYFUNCTION("""COMPUTED_VALUE"""),82.66) -> 82.66 | AA76: =IFERROR(__xludf.DUMMYFUNCTION("""COMPUTED_VALUE"""),49.66) -> 49.66 | AB76: =IFERROR(__xludf.DUMMYFUNCTION("""COMPUTED_VALUE"""),67.25) -> 67.25 | AC76: =IFERROR(__xludf.DUMMYFUNCTION("""COMPUTED_VALUE"""),58.7) -> 58.7 | AD76: =IFERROR(__xludf.DUMMYFUNCTION("""COMPUTED_VALUE"""),16.07) -> 16.07 | AE76: =IFERROR(__xludf.DUMMYFUNCTION("""COMPUTED_VALUE"""),25.93) -> 25.93 | AF76: =IFERROR(__xludf.DUMMYFUNCTION("""COMPUTED_VALUE"""),5.18) -> 5.18 | AG76: =IFERROR(__xludf.DUMMYFUNCTION("""COMPUTED_VALUE"""),56.96) -> 56.96
A77: =IFERROR(__xludf.DUMMYFUNCTION("""COMPUTED_VALUE"""),44671.6666666666) -> 44671.667 | B77: =IFERROR(__xludf.DUMMYFUNCTION("""COMPUTED_VALUE"""),149.74) -> 149.74 | C77: =IFERROR(__xludf.DUMMYFUNCTION("""COMPUTED_VALUE"""),390.76) -> 390.76 | D77: =IFERROR(__xludf.DUMMYFUNCTION("""COMPUTED_VALUE"""),95.85) -> 95.85 | E77: =IFERROR(__xludf.DUMMYFUNCTION("""COMPUTED_VALUE"""),143.8) -> 143.8 | F77: =IFERROR(__xludf.DUMMYFUNCTION("""COMPUTED_VALUE"""),57.75) -> 57.75 | G77: =IFERROR(__xludf.DUMMYFUNCTION("""COMPUTED_VALUE"""),26.17) -> 26.17 | H77: =IFERROR(__xludf.DUMMYFUNCTION("""COMPUTED_VALUE"""),28) -> 28 | I77: =IFERROR(__xludf.DUMMYFUNCTION("""COMPUTED_VALUE"""),140.28) -> 140.28 | J77: =IFERROR(__xludf.DUMMYFUNCTION("""COMPUTED_VALUE"""),259.35) -> 259.35 | K77: =IFERROR(__xludf.DUMMYFUNCTION("""COMPUTED_VALUE"""),129) -> 129 | L77: =IFERROR(__xludf.DUMMYFUNCTION("""COMPUTED_VALUE"""),84.79) -> 84.79 | M77: =IFERROR(__xludf.DUMMYFUNCTION("""COMPUTED_VALUE"""),61.79) -> 61.79 | N77: =IFERROR(__xludf.DUMMYFUNCTION("""COMPUTED_VALUE"""),66.85) -> 66.85 | O77: =IFERROR(__xludf.DUMMYFUNCTION("""COMPUTED_VALUE"""),56.12) -> 56.12 | P77: =IFERROR(__xludf.DUMMYFUNCTION("""COMPUTED_VALUE"""),80.67) -> 80.67 | Q77: =IFERROR(__xludf.DUMMYFUNCTION("""COMPUTED_VALUE"""),113.33) -> 113.33 | R77: =IFERROR(__xludf.DUMMYFUNCTION("""COMPUTED_VALUE"""),90.55) -> 90.55 | S77: =IFERROR(__xludf.DUMMYFUNCTION("""COMPUTED_VALUE"""),65.59) -> 65.59 | T77: =IFERROR(__xludf.DUMMYFUNCTION("""COMPUTED_VALUE"""),27.72) -> 27.72 | U77: =IFERROR(__xludf.DUMMYFUNCTION("""COMPUTED_VALUE"""),77.24) -> 77.24 | V77: =IFERROR(__xludf.DUMMYFUNCTION("""COMPUTED_VALUE"""),69.83) -> 69.83 | W77: =IFERROR(__xludf.DUMMYFUNCTION("""COMPUTED_VALUE"""),37.88) -> 37.88 | X77: =IFERROR(__xludf.DUMMYFUNCTION("""COMPUTED_VALUE"""),92.24) -> 92.24 | Y77: =IFERROR(__xludf.DUMMYFUNCTION("""COMPUTED_VALUE"""),51.47) -> 51.47 | Z77: =IFERROR(__xludf.DUMMYFUNCTION("""COMPUTED_VALUE"""),83.31) -> 83.31 | AA77: =IFERROR(__xludf.DUMMYFUNCTION("""COMPUTED_VALUE"""),50.6) -> 50.6 | AB77: =IFERROR(__xludf.DUMMYFUNCTION("""COMPUTED_VALUE"""),67.67) -> 67.67 | AC77: =IFERROR(__xludf.DUMMYFUNCTION("""COMPUTED_VALUE"""),59.11) -> 59.11 | AD77: =IFERROR(__xludf.DUMMYFUNCTION("""COMPUTED_VALUE"""),15.99) -> 15.99 | AE77: =IFERROR(__xludf.DUMMYFUNCTION("""COMPUTED_VALUE"""),25.74) -> 25.74 | AF77: =IFERROR(__xludf.DUMMYFUNCTION("""COMPUTED_VALUE"""),5.1) -> 5.1 | AG77: =IFERROR(__xludf.DUMMYFUNCTION("""COMPUTED_VALUE"""),54.72) -> 54.72
A78: =IFERROR(__xludf.DUMMYFUNCTION("""COMPUTED_VALUE"""),44672.6666666666) -> 44672.667 | B78: =IFERROR(__xludf.DUMMYFUNCTION("""COMPUTED_VALUE"""),147.2) -> 147.2 | C78: =IFERROR(__xludf.DUMMYFUNCTION("""COMPUTED_VALUE"""),383.24) -> 383.24 | D78: =IFERROR(__xludf.DUMMYFUNCTION("""COMPUTED_VALUE"""),93.53) -> 93.53 | E78: =IFERROR(__xludf.DUMMYFUNCTION("""COMPUTED_VALUE"""),139.96) -> 139.96 | F78: =IFERROR(__xludf.DUMMYFUNCTION("""COMPUTED_VALUE"""),55.97) -> 55.97 | G78: =IFERROR(__xludf.DUMMYFUNCTION("""COMPUTED_VALUE"""),25.73) -> 25.73 | H78: =IFERROR(__xludf.DUMMYFUNCTION("""COMPUTED_VALUE"""),27.29) -> 27.29 | I78: =IFERROR(__xludf.DUMMYFUNCTION("""COMPUTED_VALUE"""),138.73) -> 138.73 | J78: =IFERROR(__xludf.DUMMYFUNCTION("""COMPUTED_VALUE"""),255.86) -> 255.86 | K78: =IFERROR(__xludf.DUMMYFUNCTION("""COMPUTED_VALUE"""),125.96) -> 125.96 | L78: =IFERROR(__xludf.DUMMYFUNCTION("""COMPUTED_VALUE"""),81.16) -> 81.16 | M78: =IFERROR(__xludf.DUMMYFUNCTION("""COMPUTED_VALUE"""),60.35) -> 60.35 | N78: =IFERROR(__xludf.DUMMYFUNCTION("""COMPUTED_VALUE"""),65.94) -> 65.94 | O78: =IFERROR(__xludf.DUMMYFUNCTION("""COMPUTED_VALUE"""),54.12) -> 54.12 | P78: =IFERROR(__xludf.DUMMYFUNCTION("""COMPUTED_VALUE"""),78.11) -> 78.11 | Q78: =IFERROR(__xludf.DUMMYFUNCTION("""COMPUTED_VALUE"""),109.57) -> 109.57 | R78: =IFERROR(__xludf.DUMMYFUNCTION("""COMPUTED_VALUE"""),89.07) -> 89.07 | S78: =IFERROR(__xludf.DUMMYFUNCTION("""COMPUTED_VALUE"""),61.54) -> 61.54 | T78: =IFERROR(__xludf.DUMMYFUNCTION("""COMPUTED_VALUE"""),27.68) -> 27.68 | U78: =IFERROR(__xludf.DUMMYFUNCTION("""COMPUTED_VALUE"""),78.12) -> 78.12 | V78: =IFERROR(__xludf.DUMMYFUNCTION("""COMPUTED_VALUE"""),65.01) -> 65.01 | W78: =IFERROR(__xludf.DUMMYFUNCTION("""COMPUTED_VALUE"""),37.28) -> 37.28 | X78: =IFERROR(__xludf.DUMMYFUNCTION("""COMPUTED_VALUE"""),90.68) -> 90.68 | Y78: =IFERROR(__xludf.DUMMYFUNCTION("""COMPUTED_VALUE"""),50.57) -> 50.57 | Z78: =IFERROR(__xludf.DUMMYFUNCTION("""COMPUTED_VALUE"""),81.89) -> 81.89 | AA78: =IFERROR(__xludf.DUMMYFUNCTION("""COMPUTED_VALUE"""),50.27) -> 50.27 | AB78: =IFERROR(__xludf.DUMMYFUNCTION("""COMPUTED_VALUE"""),66.28) -> 66.28 | AC78: =IFERROR(__xludf.DUMMYFUNCTION("""COMPUTED_VALUE"""),57.99) -> 57.99 | AD78: =IFERROR(__xludf.DUMMYFUNCTION("""COMPUTED_VALUE"""),15.98) -> 15.98 | AE78: =IFERROR(__xludf.DUMMYFUNCTION("""COMPUTED_VALUE"""),25.74) -> 25.74 | AF78: =IFERROR(__xludf.DUMMYFUNCTION("""COMPUTED_VALUE"""),4.83) -> 4.83 | AG78: =IFERROR(__xludf.DUMMYFUNCTION("""COMPUTED_VALUE"""),52.2) -> 52.2
